Date,Open,High,Low,Close
2020-04-01 00:00:00+05:30,103.05000305175781,135.0,103.0,113.55000305175781
2020-04-03 00:00:00+05:30,115.0,128.0,113.5999984741211,115.0999984741211
2020-04-07 00:00:00+05:30,115.0,124.75,115.0,116.4000015258789
2020-04-08 00:00:00+05:30,119.94999694824219,134.0,115.0,123.3499984741211
2020-04-09 00:00:00+05:30,120.9000015258789,147.14999389648438,120.9000015258789,140.0500030517578
2020-04-13 00:00:00+05:30,145.0,163.0,140.60000610351562,162.0500030517578
2020-04-15 00:00:00+05:30,174.0500030517578,175.0,149.0,161.35000610351562
2020-04-16 00:00:00+05:30,167.0,167.0,150.1999969482422,157.75
2020-04-17 00:00:00+05:30,163.39999389648438,163.39999389648438,155.0,156.85000610351562
2020-04-20 00:00:00+05:30,158.0500030517578,159.60000610351562,150.85000610351562,155.3000030517578
2020-04-21 00:00:00+05:30,149.0,152.9499969482422,142.5500030517578,147.85000610351562
2020-04-22 00:00:00+05:30,142.3000030517578,150.25,135.64999389648438,147.85000610351562
2020-04-23 00:00:00+05:30,157.0,157.0,147.0,151.35000610351562
2020-04-24 00:00:00+05:30,153.9499969482422,154.0,140.0,145.5
2020-04-27 00:00:00+05:30,145.5500030517578,154.0,145.5,148.9499969482422
2020-04-28 00:00:00+05:30,148.9499969482422,155.0,148.9499969482422,153.10000610351562
2020-04-29 00:00:00+05:30,159.0,159.10000610351562,154.6999969482422,155.9499969482422
2020-04-30 00:00:00+05:30,156.0,174.5,155.8000030517578,157.8000030517578
2020-05-04 00:00:00+05:30,160.0,160.0,151.10000610351562,158.9499969482422
2020-05-05 00:00:00+05:30,160.0,174.0,158.5,163.60000610351562
2020-05-06 00:00:00+05:30,168.0,172.0500030517578,159.0,170.10000610351562
2020-05-07 00:00:00+05:30,177.0,177.0,142.64999389648438,170.9499969482422
2020-05-08 00:00:00+05:30,173.0,177.0,160.0,165.8000030517578
2020-05-11 00:00:00+05:30,165.5,173.0,160.0,163.0500030517578
2020-05-12 00:00:00+05:30,163.0,169.9499969482422,150.0,151.14999389648438
2020-05-13 00:00:00+05:30,158.0,160.0,150.5,152.0
2020-05-14 00:00:00+05:30,151.5,155.0,149.0,150.9499969482422
2020-05-15 00:00:00+05:30,150.5,154.9499969482422,149.1999969482422,152.39999389648438
2020-05-18 00:00:00+05:30,154.9499969482422,154.9499969482422,141.0,144.85000610351562
2020-05-19 00:00:00+05:30,144.85000610351562,151.89999389648438,141.75,146.9499969482422
2020-05-20 00:00:00+05:30,146.8000030517578,149.89999389648438,141.0500030517578,143.25
2020-05-21 00:00:00+05:30,143.3000030517578,145.75,141.10000610351562,144.9499969482422
2020-05-22 00:00:00+05:30,145.0,145.0,131.9499969482422,141.89999389648438
2020-05-26 00:00:00+05:30,141.89999389648438,150.0,141.89999389648438,147.89999389648438
2020-05-27 00:00:00+05:30,149.9499969482422,156.0,149.9499969482422,154.35000610351562
2020-05-28 00:00:00+05:30,156.4499969482422,157.0,150.6999969482422,154.85000610351562
2020-05-29 00:00:00+05:30,149.5,158.0,149.5,156.6999969482422
2020-06-01 00:00:00+05:30,159.0,167.6999969482422,158.0500030517578,164.8000030517578
2020-06-02 00:00:00+05:30,168.0,172.0,160.85000610351562,163.75
2020-06-03 00:00:00+05:30,162.0,167.64999389648438,162.0,163.25
2020-06-04 00:00:00+05:30,163.25,166.75,163.0,166.10000610351562
2020-06-05 00:00:00+05:30,165.0,170.0,163.0,168.35000610351562
2020-06-08 00:00:00+05:30,173.39999389648438,173.39999389648438,165.0,166.64999389648438
2020-06-09 00:00:00+05:30,166.64999389648438,179.8000030517578,166.0,173.64999389648438
2020-06-10 00:00:00+05:30,178.0,178.0,165.0,167.10000610351562
2020-06-11 00:00:00+05:30,169.0,169.0,165.10000610351562,166.8000030517578
2020-06-12 00:00:00+05:30,166.8000030517578,166.8000030517578,152.8000030517578,163.89999389648438
2020-06-15 00:00:00+05:30,164.0,169.0,160.0,165.14999389648438
2020-06-16 00:00:00+05:30,167.75,169.6999969482422,160.0500030517578,161.0500030517578
2020-06-17 00:00:00+05:30,161.10000610351562,170.0,161.10000610351562,168.60000610351562
2020-06-18 00:00:00+05:30,165.0500030517578,190.0,165.0500030517578,171.9499969482422
2020-06-19 00:00:00+05:30,171.85000610351562,179.0,171.85000610351562,177.3000030517578
2020-06-22 00:00:00+05:30,174.0500030517578,194.0,174.0,188.64999389648438
2020-06-23 00:00:00+05:30,192.0,200.89999389648438,192.0,199.85000610351562
2020-06-24 00:00:00+05:30,205.0,235.5500030517578,202.9499969482422,219.39999389648438
2020-06-25 00:00:00+05:30,219.0,263.25,205.5,251.14999389648438
2020-06-26 00:00:00+05:30,249.8000030517578,249.8000030517578,228.0500030517578,234.0
2020-06-29 00:00:00+05:30,233.0,233.0,213.3000030517578,216.1999969482422
2020-06-30 00:00:00+05:30,221.89999389648438,230.1999969482422,216.3000030517578,222.89999389648438
2020-07-01 00:00:00+05:30,224.0,228.0,202.0,225.89999389648438
2020-07-02 00:00:00+05:30,227.0,235.5500030517578,217.10000610351562,230.8000030517578
2020-07-03 00:00:00+05:30,231.85000610351562,237.0,226.9499969482422,233.0
2020-07-06 00:00:00+05:30,231.5,247.89999389648438,229.0,235.25
2020-07-07 00:00:00+05:30,235.25,247.39999389648438,230.3000030517578,244.85000610351562
2020-07-08 00:00:00+05:30,254.39999389648438,255.0,240.5,243.0500030517578
2020-07-09 00:00:00+05:30,248.35000610351562,260.75,244.0,256.0
2020-07-10 00:00:00+05:30,253.9499969482422,281.6000061035156,251.0500030517578,281.6000061035156
2020-07-13 00:00:00+05:30,301.8999938964844,309.75,290.0,309.75
2020-07-14 00:00:00+05:30,325.20001220703125,325.20001220703125,325.20001220703125,325.20001220703125
2020-07-15 00:00:00+05:30,341.45001220703125,341.45001220703125,341.45001220703125,341.45001220703125
2020-07-16 00:00:00+05:30,358.5,358.5,358.5,358.5
2020-07-17 00:00:00+05:30,376.3999938964844,376.3999938964844,340.6000061035156,348.5
2020-07-20 00:00:00+05:30,344.0,365.8999938964844,331.1000061035156,365.8999938964844
2020-07-21 00:00:00+05:30,379.3999938964844,384.1499938964844,367.0,384.1499938964844
2020-07-22 00:00:00+05:30,390.0,403.3500061035156,373.1499938964844,403.3500061035156
2020-07-23 00:00:00+05:30,419.8999938964844,423.5,415.04998779296875,423.5
2020-07-24 00:00:00+05:30,439.95001220703125,444.6499938964844,410.29998779296875,444.6499938964844
2020-07-27 00:00:00+05:30,456.79998779296875,465.0,422.45001220703125,422.45001220703125
2020-07-28 00:00:00+05:30,401.3500061035156,401.3500061035156,401.3500061035156,401.3500061035156
2020-07-29 00:00:00+05:30,381.29998779296875,399.8500061035156,381.29998779296875,381.29998779296875
2020-07-30 00:00:00+05:30,362.25,362.25,362.25,362.25
2020-07-31 00:00:00+05:30,344.1499938964844,344.1499938964844,344.1499938964844,344.1499938964844
2020-08-03 00:00:00+05:30,326.95001220703125,326.95001220703125,326.95001220703125,326.95001220703125
2020-08-04 00:00:00+05:30,316.04998779296875,343.25,316.04998779296875,343.25
2020-08-05 00:00:00+05:30,360.3999938964844,360.3999938964844,360.3999938964844,360.3999938964844
2020-08-06 00:00:00+05:30,378.3999938964844,378.3999938964844,362.29998779296875,378.3999938964844
2020-08-07 00:00:00+05:30,389.95001220703125,395.0,367.04998779296875,382.6499938964844
2020-08-10 00:00:00+05:30,384.0,390.0,363.54998779296875,371.70001220703125
2020-08-11 00:00:00+05:30,365.95001220703125,377.8999938964844,355.0,360.0
2020-08-12 00:00:00+05:30,360.0,364.95001220703125,348.0,351.5
2020-08-13 00:00:00+05:30,360.0,360.0,347.04998779296875,350.3999938964844
2020-08-14 00:00:00+05:30,350.45001220703125,366.0,347.04998779296875,355.3500061035156
2020-08-17 00:00:00+05:30,355.0,355.0,337.6000061035156,337.6000061035156
2020-08-18 00:00:00+05:30,337.6000061035156,354.0,321.54998779296875,351.1000061035156
2020-08-19 00:00:00+05:30,353.0,357.0,339.0,344.3500061035156
2020-08-20 00:00:00+05:30,344.0,346.0,334.25,344.20001220703125
2020-08-21 00:00:00+05:30,346.20001220703125,355.0,338.0,352.04998779296875
2020-08-24 00:00:00+05:30,352.04998779296875,352.04998779296875,338.0,351.1499938964844
2020-08-25 00:00:00+05:30,348.0,355.0,343.0,352.3500061035156
2020-08-26 00:00:00+05:30,353.8999938964844,360.3999938964844,340.0,353.70001220703125
2020-08-27 00:00:00+05:30,355.0,364.8999938964844,350.0,361.3999938964844
2020-08-28 00:00:00+05:30,361.3999938964844,379.45001220703125,355.0,378.04998779296875
2020-08-31 00:00:00+05:30,378.04998779296875,380.0,359.1499938964844,359.1499938964844
2020-09-01 00:00:00+05:30,359.1499938964844,359.1499938964844,342.0,343.1499938964844
2020-09-02 00:00:00+05:30,335.1000061035156,360.29998779296875,335.1000061035156,359.5
2020-09-03 00:00:00+05:30,350.0,377.45001220703125,344.0,377.20001220703125
2020-09-04 00:00:00+05:30,380.0,396.04998779296875,380.0,396.04998779296875
2020-09-07 00:00:00+05:30,413.95001220703125,414.0,376.25,377.95001220703125
2020-09-08 00:00:00+05:30,360.1000061035156,378.95001220703125,359.1000061035156,361.1000061035156
2020-09-09 00:00:00+05:30,344.0,359.8999938964844,343.04998779296875,347.70001220703125
2020-09-10 00:00:00+05:30,345.0,361.0,345.0,349.6000061035156
2020-09-11 00:00:00+05:30,353.8999938964844,367.04998779296875,347.6499938964844,365.8999938964844
2020-09-14 00:00:00+05:30,365.8999938964844,384.1499938964844,360.5,384.04998779296875
2020-09-15 00:00:00+05:30,396.0,396.0,381.0,387.1499938964844
2020-09-16 00:00:00+05:30,387.0,390.0,376.25,385.0
2020-09-17 00:00:00+05:30,366.0,384.79998779296875,366.0,381.95001220703125
2020-09-18 00:00:00+05:30,381.95001220703125,390.0,372.0,379.70001220703125
2020-09-21 00:00:00+05:30,389.8999938964844,389.95001220703125,360.75,361.8999938964844
2020-09-22 00:00:00+05:30,361.8999938964844,376.79998779296875,343.8500061035156,368.0
2020-09-23 00:00:00+05:30,351.04998779296875,369.95001220703125,349.6000061035156,354.1000061035156
2020-09-24 00:00:00+05:30,355.0,360.0,336.3999938964844,341.25
2020-09-25 00:00:00+05:30,351.0,358.29998779296875,331.3999938964844,343.1499938964844
2020-09-28 00:00:00+05:30,356.04998779296875,356.04998779296875,330.04998779296875,346.8500061035156
2020-09-29 00:00:00+05:30,338.04998779296875,356.8500061035156,338.04998779296875,347.75
2020-09-30 00:00:00+05:30,355.0,356.0,339.04998779296875,347.1000061035156
2020-10-01 00:00:00+05:30,350.0,360.0,329.75,334.3999938964844
2020-10-05 00:00:00+05:30,344.3999938964844,351.1000061035156,338.0,351.1000061035156
2020-10-06 00:00:00+05:30,364.8500061035156,368.6499938964844,355.0,366.5
2020-10-07 00:00:00+05:30,366.45001220703125,375.0,349.0,365.8999938964844
2020-10-08 00:00:00+05:30,369.45001220703125,375.0,347.6499938964844,351.20001220703125
2020-10-09 00:00:00+05:30,368.75,368.75,361.20001220703125,367.79998779296875
2020-10-12 00:00:00+05:30,364.0,364.0,350.0,353.45001220703125
2020-10-13 00:00:00+05:30,340.0,354.0,335.79998779296875,344.25
2020-10-14 00:00:00+05:30,340.0,344.0,327.04998779296875,339.6499938964844
2020-10-15 00:00:00+05:30,340.0,356.6000061035156,339.6000061035156,356.6000061035156
2020-10-16 00:00:00+05:30,356.6000061035156,360.0,340.0,344.04998779296875
2020-10-19 00:00:00+05:30,344.04998779296875,350.0,335.1000061035156,347.70001220703125
2020-10-20 00:00:00+05:30,336.5,355.0,336.5,350.54998779296875
2020-10-21 00:00:00+05:30,350.0,350.0,340.0,344.29998779296875
2020-10-22 00:00:00+05:30,345.0,361.5,336.5,361.5
2020-10-23 00:00:00+05:30,361.5,361.5,345.5,351.04998779296875
2020-10-26 00:00:00+05:30,346.04998779296875,352.0,343.0,347.6000061035156
2020-10-27 00:00:00+05:30,342.20001220703125,346.25,336.0,338.3999938964844
2020-10-28 00:00:00+05:30,340.0,341.95001220703125,324.0,332.8999938964844
2020-10-29 00:00:00+05:30,328.0,334.75,320.04998779296875,323.20001220703125
2020-10-30 00:00:00+05:30,333.70001220703125,333.70001220703125,307.04998779296875,320.75
2020-11-02 00:00:00+05:30,324.3999938964844,330.0,310.20001220703125,321.0
2020-11-03 00:00:00+05:30,321.0,324.0,311.45001220703125,320.0
2020-11-04 00:00:00+05:30,321.0,323.79998779296875,312.29998779296875,319.54998779296875
2020-11-05 00:00:00+05:30,316.04998779296875,320.0,303.6000061035156,309.04998779296875
2020-11-06 00:00:00+05:30,312.04998779296875,321.0,307.0,310.6000061035156
2020-11-09 00:00:00+05:30,322.8999938964844,326.1000061035156,312.3999938964844,322.6000061035156
2020-11-10 00:00:00+05:30,332.95001220703125,332.95001220703125,315.79998779296875,321.79998779296875
2020-11-11 00:00:00+05:30,320.0,323.95001220703125,313.6000061035156,317.3999938964844
2020-11-12 00:00:00+05:30,320.95001220703125,322.95001220703125,312.3999938964844,318.8999938964844
2020-11-13 00:00:00+05:30,322.5,322.54998779296875,313.6000061035156,320.70001220703125
2020-11-14 00:00:00+05:30,329.95001220703125,329.95001220703125,316.29998779296875,321.6499938964844
2020-11-17 00:00:00+05:30,327.95001220703125,336.3999938964844,318.25,331.45001220703125
2020-11-18 00:00:00+05:30,339.95001220703125,339.95001220703125,326.1499938964844,333.25
2020-11-19 00:00:00+05:30,326.0,334.6000061035156,320.25,327.95001220703125
2020-11-20 00:00:00+05:30,333.0,344.29998779296875,322.25,344.29998779296875
2020-11-23 00:00:00+05:30,360.3500061035156,360.3500061035156,344.29998779296875,355.8999938964844
2020-11-24 00:00:00+05:30,350.0,360.0,342.6000061035156,347.20001220703125
2020-11-25 00:00:00+05:30,358.79998779296875,358.79998779296875,329.8500061035156,330.70001220703125
2020-11-26 00:00:00+05:30,330.70001220703125,334.6499938964844,325.04998779296875,328.5
2020-11-27 00:00:00+05:30,335.95001220703125,335.95001220703125,318.5,325.79998779296875
2020-12-01 00:00:00+05:30,332.29998779296875,333.8999938964844,326.3999938964844,330.6000061035156
2020-12-02 00:00:00+05:30,328.04998779296875,340.1499938964844,327.0,329.70001220703125
2020-12-03 00:00:00+05:30,327.1000061035156,337.0,327.1000061035156,333.75
2020-12-04 00:00:00+05:30,330.04998779296875,339.0,330.04998779296875,333.3999938964844
2020-12-07 00:00:00+05:30,338.8999938964844,346.0,328.20001220703125,339.25
2020-12-08 00:00:00+05:30,345.25,372.0,335.75,354.54998779296875
2020-12-09 00:00:00+05:30,355.0,357.0,333.04998779296875,334.79998779296875
2020-12-10 00:00:00+05:30,339.95001220703125,339.95001220703125,322.0,327.5
2020-12-11 00:00:00+05:30,334.95001220703125,334.95001220703125,328.0,328.8500061035156
2020-12-14 00:00:00+05:30,329.04998779296875,334.95001220703125,324.70001220703125,325.20001220703125
2020-12-15 00:00:00+05:30,333.95001220703125,333.95001220703125,323.0,324.3999938964844
2020-12-16 00:00:00+05:30,328.95001220703125,328.95001220703125,315.0,317.1499938964844
2020-12-17 00:00:00+05:30,324.0,324.0,308.0,310.04998779296875
2020-12-18 00:00:00+05:30,310.04998779296875,310.04998779296875,284.79998779296875,299.3500061035156
2020-12-21 00:00:00+05:30,298.0,305.0,285.0,287.45001220703125
2020-12-22 00:00:00+05:30,287.45001220703125,287.45001220703125,264.3500061035156,278.45001220703125
2020-12-23 00:00:00+05:30,287.3999938964844,296.79998779296875,265.54998779296875,280.5
2020-12-24 00:00:00+05:30,288.45001220703125,299.95001220703125,280.0,296.45001220703125
2020-12-28 00:00:00+05:30,309.79998779296875,311.95001220703125,299.25,309.6499938964844
2020-12-29 00:00:00+05:30,309.6499938964844,318.0,306.1000061035156,309.29998779296875
2020-12-30 00:00:00+05:30,317.20001220703125,317.95001220703125,308.0,310.1499938964844
2020-12-31 00:00:00+05:30,310.04998779296875,311.8999938964844,298.95001220703125,300.70001220703125
2021-01-01 00:00:00+05:30,307.8999938964844,307.8999938964844,295.0,302.1499938964844
2021-01-04 00:00:00+05:30,305.8999938964844,309.79998779296875,299.29998779296875,302.79998779296875
2021-01-05 00:00:00+05:30,301.5,307.45001220703125,299.0,302.6499938964844
2021-01-06 00:00:00+05:30,302.6499938964844,308.5,302.6499938964844,307.8999938964844
2021-01-07 00:00:00+05:30,308.1000061035156,315.0,307.0,312.0
2021-01-08 00:00:00+05:30,310.3500061035156,335.75,295.0,315.1000061035156
2021-01-11 00:00:00+05:30,320.0,346.6000061035156,319.95001220703125,343.0
2021-01-12 00:00:00+05:30,354.3999938964844,377.29998779296875,351.0,377.29998779296875
2021-01-13 00:00:00+05:30,387.75,387.75,350.1000061035156,357.79998779296875
2021-01-14 00:00:00+05:30,359.5,369.70001220703125,326.0,328.1000061035156
2021-01-15 00:00:00+05:30,329.1000061035156,334.8500061035156,305.0,308.04998779296875
2021-01-18 00:00:00+05:30,309.0,309.0,287.1499938964844,288.70001220703125
2021-01-19 00:00:00+05:30,296.0,307.79998779296875,295.45001220703125,305.75
2021-01-20 00:00:00+05:30,313.0,313.0,300.54998779296875,303.3999938964844
2021-01-21 00:00:00+05:30,308.79998779296875,309.0,292.20001220703125,295.45001220703125
2021-01-22 00:00:00+05:30,294.5,297.8999938964844,285.0,287.75
2021-01-25 00:00:00+05:30,296.8999938964844,296.8999938964844,277.1000061035156,279.0
2021-01-27 00:00:00+05:30,282.54998779296875,286.0,272.0,276.1499938964844
2021-01-28 00:00:00+05:30,268.0,274.79998779296875,266.20001220703125,269.79998779296875
2021-01-29 00:00:00+05:30,275.0,275.0,260.1000061035156,265.04998779296875
2021-02-01 00:00:00+05:30,265.04998779296875,275.0,254.0,268.8999938964844
2021-02-02 00:00:00+05:30,278.0,289.3999938964844,251.25,262.54998779296875
2021-02-03 00:00:00+05:30,264.8999938964844,288.79998779296875,263.04998779296875,283.75
2021-02-04 00:00:00+05:30,283.95001220703125,283.95001220703125,275.6499938964844,278.3500061035156
2021-02-05 00:00:00+05:30,275.70001220703125,279.0,271.25,273.5
2021-02-08 00:00:00+05:30,283.0,283.0,267.45001220703125,271.75
2021-02-09 00:00:00+05:30,272.20001220703125,275.95001220703125,266.0,269.04998779296875
2021-02-10 00:00:00+05:30,269.04998779296875,271.95001220703125,246.8000030517578,252.75
2021-02-11 00:00:00+05:30,254.89999389648438,256.1499938964844,248.1999969482422,252.0500030517578
2021-02-12 00:00:00+05:30,256.8999938964844,258.5,250.64999389648438,252.85000610351562
2021-02-15 00:00:00+05:30,255.0,258.0,250.9499969482422,252.0500030517578
2021-02-16 00:00:00+05:30,252.0500030517578,255.39999389648438,249.0,253.5
2021-02-17 00:00:00+05:30,254.60000610351562,259.75,250.35000610351562,257.70001220703125
2021-02-18 00:00:00+05:30,255.14999389648438,259.0,255.0500030517578,256.45001220703125
2021-02-19 00:00:00+05:30,259.0,265.0,255.3000030517578,257.75
2021-02-22 00:00:00+05:30,257.79998779296875,265.0,242.4499969482422,245.9499969482422
2021-02-23 00:00:00+05:30,251.9499969482422,251.9499969482422,237.6999969482422,243.25
2021-02-24 00:00:00+05:30,245.6999969482422,264.0,244.35000610351562,258.95001220703125
2021-02-25 00:00:00+05:30,259.0,265.0,250.3000030517578,262.79998779296875
2021-02-26 00:00:00+05:30,260.0,264.0,254.14999389648438,261.0
2021-03-01 00:00:00+05:30,261.8999938964844,272.8999938964844,260.5,263.8500061035156
2021-03-02 00:00:00+05:30,263.75,270.6000061035156,260.0,267.6499938964844
2021-03-03 00:00:00+05:30,271.0,271.0,263.5,268.25
2021-03-04 00:00:00+05:30,267.0,272.45001220703125,265.04998779296875,268.5
2021-03-05 00:00:00+05:30,268.5,280.0,261.0,276.95001220703125
2021-03-08 00:00:00+05:30,282.54998779296875,290.0,263.0,276.04998779296875
2021-03-09 00:00:00+05:30,282.3999938964844,284.6000061035156,275.0,279.8999938964844
2021-03-10 00:00:00+05:30,284.0,290.75,282.3500061035156,285.1000061035156
2021-03-12 00:00:00+05:30,289.0,289.0,275.0,279.6499938964844
2021-03-15 00:00:00+05:30,288.0,288.0,269.79998779296875,275.04998779296875
2021-03-16 00:00:00+05:30,276.29998779296875,288.70001220703125,274.45001220703125,284.1000061035156
2021-03-17 00:00:00+05:30,280.1499938964844,284.0,271.54998779296875,276.25
2021-03-18 00:00:00+05:30,282.8500061035156,282.8500061035156,267.8999938964844,269.75
2021-03-19 00:00:00+05:30,270.04998779296875,283.75,260.0,278.8999938964844
2021-03-22 00:00:00+05:30,284.29998779296875,284.29998779296875,272.04998779296875,277.1499938964844
2021-03-23 00:00:00+05:30,276.29998779296875,279.70001220703125,270.1000061035156,272.29998779296875
2021-03-24 00:00:00+05:30,272.95001220703125,272.95001220703125,265.0,266.04998779296875
2021-03-25 00:00:00+05:30,269.95001220703125,269.95001220703125,245.0,251.5
2021-03-26 00:00:00+05:30,255.10000610351562,259.3500061035156,247.5,250.9499969482422
2021-03-30 00:00:00+05:30,258.70001220703125,258.70001220703125,248.14999389648438,252.3000030517578
2021-03-31 00:00:00+05:30,249.0,255.0,235.64999389648438,249.6999969482422
2021-04-01 00:00:00+05:30,252.5,268.5,252.0,260.6000061035156
2021-04-05 00:00:00+05:30,278.79998779296875,286.6499938964844,268.0,286.25
2021-04-06 00:00:00+05:30,294.0,298.1000061035156,275.1000061035156,279.5
2021-04-07 00:00:00+05:30,281.95001220703125,293.70001220703125,279.54998779296875,288.0
2021-04-08 00:00:00+05:30,294.0,300.0,283.0,287.95001220703125
2021-04-09 00:00:00+05:30,298.0,304.0,293.0,300.1000061035156
2021-04-12 00:00:00+05:30,300.79998779296875,300.79998779296875,277.1000061035156,280.3500061035156
2021-04-13 00:00:00+05:30,280.0,294.8999938964844,280.0,292.0
2021-04-15 00:00:00+05:30,350.3999938964844,350.3999938964844,339.8500061035156,350.3999938964844
2021-04-16 00:00:00+05:30,405.0,417.0,360.0,367.79998779296875
2021-04-19 00:00:00+05:30,371.1000061035156,405.0,331.0,398.6499938964844
2021-04-20 00:00:00+05:30,420.0,420.0,376.20001220703125,394.8999938964844
2021-04-22 00:00:00+05:30,391.0,394.0,368.0,380.25
2021-04-23 00:00:00+05:30,377.0,388.79998779296875,363.54998779296875,370.54998779296875
2021-04-26 00:00:00+05:30,374.8999938964844,374.8999938964844,352.3500061035156,355.8999938964844
2021-04-27 00:00:00+05:30,358.6000061035156,385.0,352.6000061035156,374.95001220703125
2021-04-28 00:00:00+05:30,379.0,387.0,365.6499938964844,370.6000061035156
2021-04-29 00:00:00+05:30,372.29998779296875,373.95001220703125,362.0,365.1000061035156
2021-04-30 00:00:00+05:30,364.5,366.54998779296875,352.0,354.75
2021-05-03 00:00:00+05:30,347.0,368.95001220703125,340.0,342.29998779296875
2021-05-04 00:00:00+05:30,349.0,356.1499938964844,336.1499938964844,340.3500061035156
2021-05-05 00:00:00+05:30,340.70001220703125,348.5,336.95001220703125,339.29998779296875
2021-05-06 00:00:00+05:30,340.1000061035156,373.20001220703125,333.29998779296875,368.95001220703125
2021-05-07 00:00:00+05:30,366.3500061035156,374.79998779296875,357.1000061035156,367.1499938964844
2021-05-10 00:00:00+05:30,359.8500061035156,369.6499938964844,353.0,355.20001220703125
2021-05-11 00:00:00+05:30,354.54998779296875,362.70001220703125,353.95001220703125,361.3500061035156
2021-05-12 00:00:00+05:30,363.29998779296875,363.29998779296875,347.0,351.5
2021-05-14 00:00:00+05:30,359.0,359.0,347.0,348.8999938964844
2021-05-17 00:00:00+05:30,351.29998779296875,357.8999938964844,345.0,355.3500061035156
2021-05-18 00:00:00+05:30,361.0,364.8999938964844,357.54998779296875,359.8500061035156
2021-05-19 00:00:00+05:30,359.8500061035156,373.0,355.04998779296875,367.1000061035156
2021-05-20 00:00:00+05:30,374.45001220703125,398.0,367.6499938964844,372.1499938964844
2021-05-21 00:00:00+05:30,379.0,384.45001220703125,365.20001220703125,370.8999938964844
2021-05-24 00:00:00+05:30,374.70001220703125,375.0,364.0,368.6000061035156
2021-05-25 00:00:00+05:30,374.45001220703125,374.45001220703125,348.0,351.75
2021-05-26 00:00:00+05:30,351.54998779296875,355.0,345.0,345.95001220703125
2021-05-27 00:00:00+05:30,349.45001220703125,355.0,344.0,344.6499938964844
2021-05-28 00:00:00+05:30,353.6499938964844,353.6499938964844,344.0,345.6499938964844
2021-05-31 00:00:00+05:30,349.95001220703125,358.0,346.1000061035156,350.8500061035156
2021-06-01 00:00:00+05:30,353.0,353.0,346.0,346.54998779296875
2021-06-02 00:00:00+05:30,354.70001220703125,359.0,343.54998779296875,352.6000061035156
2021-06-03 00:00:00+05:30,358.0,387.8500061035156,350.0,387.8500061035156
2021-06-04 00:00:00+05:30,395.0,426.6000061035156,393.6000061035156,417.1000061035156
2021-06-07 00:00:00+05:30,415.8999938964844,423.5,396.25,399.54998779296875
2021-06-08 00:00:00+05:30,391.0,404.6000061035156,385.20001220703125,390.6000061035156
2021-06-09 00:00:00+05:30,391.0,398.0,371.1000061035156,375.8500061035156
2021-06-10 00:00:00+05:30,379.6499938964844,387.1499938964844,367.45001220703125,374.3500061035156
2021-06-11 00:00:00+05:30,380.04998779296875,392.0,377.54998779296875,379.8999938964844
2021-06-14 00:00:00+05:30,394.5,398.8500061035156,389.8999938964844,398.8500061035156
2021-06-15 00:00:00+05:30,417.0,418.75,408.04998779296875,418.75
2021-06-16 00:00:00+05:30,428.8999938964844,439.6499938964844,420.70001220703125,431.0
2021-06-17 00:00:00+05:30,430.95001220703125,439.0,420.04998779296875,423.3500061035156
2021-06-18 00:00:00+05:30,432.0,435.0,402.20001220703125,417.54998779296875
2021-06-21 00:00:00+05:30,425.0,425.0,408.29998779296875,415.79998779296875
2021-06-22 00:00:00+05:30,422.6000061035156,431.3500061035156,419.29998779296875,421.70001220703125
2021-06-23 00:00:00+05:30,425.70001220703125,426.6000061035156,416.0,416.75
2021-06-24 00:00:00+05:30,428.0,428.0,413.45001220703125,418.1000061035156
2021-06-25 00:00:00+05:30,418.1000061035156,425.0,415.04998779296875,423.70001220703125
2021-06-28 00:00:00+05:30,426.8999938964844,444.8500061035156,426.29998779296875,435.70001220703125
2021-06-29 00:00:00+05:30,438.0,438.0,415.0,426.95001220703125
2021-06-30 00:00:00+05:30,426.95001220703125,426.95001220703125,411.0,416.75
2021-07-01 00:00:00+05:30,419.0,424.0,417.0,418.95001220703125
2021-07-02 00:00:00+05:30,421.20001220703125,428.70001220703125,417.54998779296875,423.5
2021-07-05 00:00:00+05:30,431.0,431.29998779296875,423.79998779296875,429.20001220703125
2021-07-06 00:00:00+05:30,428.8500061035156,450.6499938964844,428.0,436.1499938964844
2021-07-07 00:00:00+05:30,447.3999938964844,457.95001220703125,436.04998779296875,457.95001220703125
2021-07-08 00:00:00+05:30,467.0,480.79998779296875,450.0,473.79998779296875
2021-07-09 00:00:00+05:30,483.0,497.45001220703125,474.70001220703125,489.54998779296875
2021-07-12 00:00:00+05:30,512.9000244140625,514.0,500.04998779296875,514.0
2021-07-13 00:00:00+05:30,528.0,539.7000122070312,512.0,530.4000244140625
2021-07-14 00:00:00+05:30,542.0,556.9000244140625,530.0,553.2000122070312
2021-07-15 00:00:00+05:30,567.4000244140625,580.0,525.5499877929688,525.9500122070312
2021-07-16 00:00:00+05:30,519.0,552.2000122070312,500.25,552.2000122070312
2021-07-19 00:00:00+05:30,551.0,564.7999877929688,530.0999755859375,538.9500122070312
2021-07-20 00:00:00+05:30,542.75,549.0,512.0499877929688,514.0999755859375
2021-07-22 00:00:00+05:30,537.0,537.0,519.5499877929688,524.8499755859375
2021-07-23 00:00:00+05:30,531.75,535.0,508.6000061035156,512.1500244140625
2021-07-26 00:00:00+05:30,519.9500122070312,537.75,502.1499938964844,532.5999755859375
2021-07-27 00:00:00+05:30,535.0,549.8499755859375,510.1000061035156,516.25
2021-07-28 00:00:00+05:30,523.5999755859375,523.5999755859375,508.0,511.6000061035156
2021-07-29 00:00:00+05:30,518.5999755859375,521.9500122070312,505.1000061035156,511.29998779296875
2021-07-30 00:00:00+05:30,512.0499877929688,518.2999877929688,505.0,507.6499938964844
2021-08-02 00:00:00+05:30,509.95001220703125,523.2000122070312,509.95001220703125,514.8499755859375
2021-08-03 00:00:00+05:30,520.5999755859375,528.7000122070312,516.1500244140625,519.25
2021-08-04 00:00:00+05:30,525.0,525.0,500.0,506.0
2021-08-05 00:00:00+05:30,508.6000061035156,512.5999755859375,493.0,496.1499938964844
2021-08-06 00:00:00+05:30,498.6000061035156,518.0499877929688,496.04998779296875,512.9500122070312
2021-08-09 00:00:00+05:30,516.5999755859375,522.9500122070312,504.0,507.3500061035156
2021-08-10 00:00:00+05:30,502.0,521.6500244140625,484.6000061035156,490.3500061035156
2021-08-11 00:00:00+05:30,488.0,515.0,450.0,478.3999938964844
2021-08-12 00:00:00+05:30,485.0,497.0,480.04998779296875,490.6499938964844
2021-08-13 00:00:00+05:30,489.0,504.1499938964844,487.29998779296875,499.25
2021-08-16 00:00:00+05:30,502.6000061035156,502.6000061035156,481.04998779296875,486.04998779296875
2021-08-17 00:00:00+05:30,488.5,488.5,470.3500061035156,478.45001220703125
2021-08-18 00:00:00+05:30,481.0,482.54998779296875,467.95001220703125,471.8500061035156
2021-08-20 00:00:00+05:30,470.0,470.70001220703125,457.6000061035156,459.54998779296875
2021-08-23 00:00:00+05:30,461.0,469.95001220703125,423.54998779296875,431.45001220703125
2021-08-24 00:00:00+05:30,431.45001220703125,468.8500061035156,431.45001220703125,456.79998779296875
2021-08-25 00:00:00+05:30,458.6000061035156,463.45001220703125,444.0,450.25
2021-08-26 00:00:00+05:30,452.6000061035156,457.0,424.8999938964844,441.1000061035156
2021-08-27 00:00:00+05:30,435.20001220703125,451.0,435.20001220703125,446.3500061035156
2021-08-30 00:00:00+05:30,447.0,466.5,438.0,450.1499938964844
2021-08-31 00:00:00+05:30,453.3999938964844,466.79998779296875,452.0,462.1499938964844
2021-09-01 00:00:00+05:30,465.6000061035156,472.0,461.0,466.04998779296875
2021-09-02 00:00:00+05:30,469.6000061035156,473.8999938964844,463.0,466.1499938964844
2021-09-03 00:00:00+05:30,463.0,475.1000061035156,463.0,471.29998779296875
2021-09-06 00:00:00+05:30,474.0,479.3500061035156,471.04998779296875,474.5
2021-09-07 00:00:00+05:30,479.6000061035156,479.6000061035156,465.0,467.70001220703125
2021-09-08 00:00:00+05:30,475.0,475.0,465.79998779296875,469.20001220703125
2021-09-09 00:00:00+05:30,460.04998779296875,474.95001220703125,460.04998779296875,468.25
2021-09-13 00:00:00+05:30,460.0,474.0,460.0,468.70001220703125
2021-09-14 00:00:00+05:30,471.6000061035156,492.0,469.0,475.75
2021-09-15 00:00:00+05:30,478.54998779296875,481.70001220703125,470.0,472.95001220703125
2021-09-16 00:00:00+05:30,474.70001220703125,485.0,469.0,477.3999938964844
2021-09-17 00:00:00+05:30,480.25,482.8999938964844,463.5,467.8500061035156
2021-09-20 00:00:00+05:30,451.0,474.25,450.0,451.29998779296875
2021-09-21 00:00:00+05:30,452.0,461.3999938964844,438.04998779296875,454.20001220703125
2021-09-22 00:00:00+05:30,458.0,464.0,443.54998779296875,448.45001220703125
2021-09-23 00:00:00+05:30,456.75,458.0,442.29998779296875,447.5
2021-09-24 00:00:00+05:30,449.6000061035156,456.25,447.0,449.3500061035156
2021-09-27 00:00:00+05:30,449.3500061035156,456.0,446.0,449.6499938964844
2021-09-28 00:00:00+05:30,446.1499938964844,470.0,446.1499938964844,450.8500061035156
2021-09-29 00:00:00+05:30,451.8999938964844,470.0,445.6499938964844,459.3999938964844
2021-09-30 00:00:00+05:30,464.0,464.0,454.04998779296875,458.3500061035156
2021-10-01 00:00:00+05:30,462.0,479.0,455.6499938964844,476.04998779296875
2021-10-04 00:00:00+05:30,483.0,486.0,465.5,467.6499938964844
2021-10-05 00:00:00+05:30,465.5,480.0,465.5,467.29998779296875
2021-10-06 00:00:00+05:30,469.6000061035156,477.6499938964844,466.0,467.29998779296875
2021-10-07 00:00:00+05:30,472.6000061035156,480.0,466.20001220703125,469.1499938964844
2021-10-08 00:00:00+05:30,472.0,473.3999938964844,462.0,464.20001220703125
2021-10-11 00:00:00+05:30,464.0,495.0,461.0,489.6499938964844
2021-10-12 00:00:00+05:30,491.3999938964844,527.6500244140625,489.95001220703125,517.3499755859375
2021-10-13 00:00:00+05:30,520.4000244140625,535.4500122070312,505.0,516.2000122070312
2021-10-14 00:00:00+05:30,510.20001220703125,519.7000122070312,510.20001220703125,514.2000122070312
2021-10-18 00:00:00+05:30,528.0,543.0,520.0,533.25
2021-10-19 00:00:00+05:30,537.0,543.7999877929688,492.0,503.5
2021-10-20 00:00:00+05:30,460.0,473.75,438.6000061035156,445.79998779296875
2021-10-21 00:00:00+05:30,457.8500061035156,459.0,425.0,443.6499938964844
2021-10-22 00:00:00+05:30,450.0,456.6000061035156,435.0,441.6499938964844
2021-10-25 00:00:00+05:30,443.0,450.0,428.6499938964844,431.29998779296875
2021-10-26 00:00:00+05:30,432.6000061035156,450.0,430.1000061035156,446.0
2021-10-27 00:00:00+05:30,451.0,458.0,440.04998779296875,443.1000061035156
2021-10-28 00:00:00+05:30,445.3999938964844,450.0,430.04998779296875,446.8999938964844
2021-10-29 00:00:00+05:30,446.1000061035156,453.3500061035156,431.0,444.5
2021-11-01 00:00:00+05:30,440.04998779296875,446.6000061035156,435.29998779296875,441.25
2021-11-02 00:00:00+05:30,440.0,447.6000061035156,437.0,438.8500061035156
2021-11-03 00:00:00+05:30,439.95001220703125,442.79998779296875,426.04998779296875,432.5
2021-11-04 00:00:00+05:30,435.6000061035156,441.0,435.0,438.45001220703125
2021-11-08 00:00:00+05:30,440.0,443.04998779296875,433.0,436.8999938964844
2021-11-09 00:00:00+05:30,438.6000061035156,444.45001220703125,437.6000061035156,439.45001220703125
2021-11-10 00:00:00+05:30,431.0,440.6000061035156,430.0,432.95001220703125
2021-11-11 00:00:00+05:30,435.0,439.75,420.0,423.3500061035156
2021-11-12 00:00:00+05:30,435.0,435.0,422.0,427.70001220703125
2021-11-15 00:00:00+05:30,430.0,431.95001220703125,418.0,420.54998779296875
2021-11-16 00:00:00+05:30,420.0,425.54998779296875,416.45001220703125,420.5
2021-11-17 00:00:00+05:30,420.0,427.95001220703125,413.0,415.29998779296875
2021-11-18 00:00:00+05:30,411.04998779296875,417.5,406.1000061035156,408.45001220703125
2021-11-22 00:00:00+05:30,417.0,417.0,391.5,394.54998779296875
2021-11-23 00:00:00+05:30,392.0,410.0,391.54998779296875,402.6499938964844
2021-11-24 00:00:00+05:30,405.45001220703125,418.0,402.04998779296875,409.25
2021-11-25 00:00:00+05:30,409.0,414.3999938964844,397.54998779296875,401.95001220703125
2021-11-26 00:00:00+05:30,398.0,401.5,372.8999938964844,377.25
2021-11-29 00:00:00+05:30,377.25,394.5,356.20001220703125,374.8500061035156
2021-11-30 00:00:00+05:30,370.0,410.0,370.0,395.29998779296875
2021-12-01 00:00:00+05:30,398.0,416.0,383.3999938964844,388.3500061035156
2021-12-02 00:00:00+05:30,394.45001220703125,415.0,391.0,405.8999938964844
2021-12-03 00:00:00+05:30,406.0,421.0,406.0,415.3500061035156
2021-12-06 00:00:00+05:30,411.0,421.0,410.0,415.54998779296875
2021-12-07 00:00:00+05:30,415.0,420.04998779296875,415.0,418.8999938964844
2021-12-08 00:00:00+05:30,425.0,425.70001220703125,420.0,422.8999938964844
2021-12-09 00:00:00+05:30,428.70001220703125,430.0,413.3500061035156,416.70001220703125
2021-12-10 00:00:00+05:30,424.8500061035156,426.8999938964844,411.54998779296875,418.3999938964844
2021-12-13 00:00:00+05:30,421.6000061035156,436.04998779296875,412.0,431.75
2021-12-14 00:00:00+05:30,430.0,438.3999938964844,421.0,429.25
2021-12-15 00:00:00+05:30,428.04998779296875,435.6000061035156,427.0,430.6499938964844
2021-12-16 00:00:00+05:30,433.6000061035156,445.79998779296875,433.0,439.25
2021-12-17 00:00:00+05:30,438.5,440.75,415.0,416.75
2021-12-20 00:00:00+05:30,416.75,416.75,400.1000061035156,401.20001220703125
2021-12-21 00:00:00+05:30,401.20001220703125,414.5,401.20001220703125,405.3999938964844
2021-12-22 00:00:00+05:30,415.79998779296875,415.79998779296875,407.0,411.45001220703125
2021-12-23 00:00:00+05:30,411.6499938964844,420.0,410.0,415.04998779296875
2021-12-24 00:00:00+05:30,416.0,425.79998779296875,402.1000061035156,408.75
2021-12-27 00:00:00+05:30,405.0,410.04998779296875,403.0,407.6000061035156
2021-12-28 00:00:00+05:30,417.0,417.0,404.1000061035156,407.70001220703125
2021-12-29 00:00:00+05:30,407.70001220703125,413.75,403.04998779296875,405.5
2021-12-30 00:00:00+05:30,410.79998779296875,412.20001220703125,386.95001220703125,393.3999938964844
2021-12-31 00:00:00+05:30,398.3999938964844,409.0,395.0,403.3500061035156
2022-01-03 00:00:00+05:30,405.3999938964844,421.95001220703125,405.3999938964844,420.3500061035156
2022-01-04 00:00:00+05:30,428.8500061035156,438.0,419.3500061035156,422.20001220703125
2022-01-05 00:00:00+05:30,423.0,459.5,423.0,444.54998779296875
2022-01-06 00:00:00+05:30,433.1000061035156,449.04998779296875,433.1000061035156,440.8999938964844
2022-01-07 00:00:00+05:30,443.0,463.5,438.0,449.29998779296875
2022-01-10 00:00:00+05:30,451.45001220703125,460.0,431.1000061035156,435.3999938964844
2022-01-11 00:00:00+05:30,420.0,425.0,411.25,422.54998779296875
2022-01-12 00:00:00+05:30,429.95001220703125,429.95001220703125,415.0,424.5
2022-01-13 00:00:00+05:30,434.0,434.0,420.3999938964844,425.1499938964844
2022-01-14 00:00:00+05:30,432.0,432.0,422.0,423.25
2022-01-17 00:00:00+05:30,434.95001220703125,445.3999938964844,423.20001220703125,424.79998779296875
2022-01-18 00:00:00+05:30,422.1000061035156,431.20001220703125,414.3999938964844,417.6499938964844
2022-01-19 00:00:00+05:30,424.0,424.0,409.0,413.6499938964844
2022-01-20 00:00:00+05:30,418.70001220703125,418.70001220703125,396.5,399.95001220703125
2022-01-21 00:00:00+05:30,395.1000061035156,404.45001220703125,385.0,386.5
2022-01-24 00:00:00+05:30,395.0,395.0,350.0,352.3999938964844
2022-01-25 00:00:00+05:30,357.45001220703125,375.1499938964844,348.45001220703125,367.70001220703125
2022-01-27 00:00:00+05:30,369.45001220703125,377.5,363.54998779296875,368.3999938964844
2022-01-28 00:00:00+05:30,379.8999938964844,386.0,361.54998779296875,366.20001220703125
2022-01-31 00:00:00+05:30,371.5,380.25,371.04998779296875,375.1000061035156
2022-02-01 00:00:00+05:30,379.45001220703125,382.0,370.75,373.04998779296875
2022-02-02 00:00:00+05:30,388.0,407.0,385.5,402.3999938964844
2022-02-03 00:00:00+05:30,408.0,409.20001220703125,395.1499938964844,399.3999938964844
2022-02-04 00:00:00+05:30,407.0,407.0,395.0,396.54998779296875
2022-02-07 00:00:00+05:30,403.0,403.1499938964844,390.54998779296875,393.25
2022-02-08 00:00:00+05:30,400.0,400.0,385.1000061035156,387.04998779296875
2022-02-09 00:00:00+05:30,392.8500061035156,392.8500061035156,383.3999938964844,384.8500061035156
2022-02-10 00:00:00+05:30,390.6000061035156,394.3999938964844,384.29998779296875,389.6499938964844
2022-02-11 00:00:00+05:30,389.0,393.0,372.0,377.25
2022-02-14 00:00:00+05:30,377.0,377.0,361.04998779296875,365.20001220703125
2022-02-15 00:00:00+05:30,372.5,382.0,352.1499938964844,360.6000061035156
2022-02-16 00:00:00+05:30,368.0,375.8500061035156,365.1000061035156,366.54998779296875
2022-02-17 00:00:00+05:30,368.0,375.1499938964844,362.5,364.0
2022-02-18 00:00:00+05:30,362.5,370.0,358.54998779296875,361.6499938964844
2022-02-21 00:00:00+05:30,367.0,367.0,344.29998779296875,349.8999938964844
2022-02-22 00:00:00+05:30,333.0,345.75,325.0,332.79998779296875
2022-02-23 00:00:00+05:30,347.0,347.95001220703125,338.45001220703125,344.3500061035156
2022-02-24 00:00:00+05:30,335.3500061035156,335.3500061035156,293.6000061035156,311.6000061035156
2022-02-25 00:00:00+05:30,321.70001220703125,331.8999938964844,318.0,325.8999938964844
2022-02-28 00:00:00+05:30,320.0,339.0,313.70001220703125,329.6499938964844
2022-03-02 00:00:00+05:30,329.6499938964844,332.95001220703125,323.0,324.3999938964844
2022-03-03 00:00:00+05:30,328.0,334.45001220703125,328.0,332.04998779296875
2022-03-04 00:00:00+05:30,336.8999938964844,336.8999938964844,321.1499938964844,326.1000061035156
2022-03-07 00:00:00+05:30,326.1000061035156,326.1000061035156,296.75,305.75
2022-03-08 00:00:00+05:30,314.95001220703125,314.95001220703125,296.75,298.6499938964844
2022-03-09 00:00:00+05:30,300.5,315.8999938964844,300.5,309.04998779296875
2022-03-10 00:00:00+05:30,321.8999938964844,321.8999938964844,306.25,307.5
2022-03-11 00:00:00+05:30,307.8999938964844,322.95001220703125,305.0,312.5
2022-03-14 00:00:00+05:30,320.0,320.0,305.95001220703125,307.0
2022-03-15 00:00:00+05:30,309.0,314.95001220703125,302.1000061035156,305.54998779296875
2022-03-16 00:00:00+05:30,310.6000061035156,316.29998779296875,308.3999938964844,312.70001220703125
2022-03-17 00:00:00+05:30,316.0,375.20001220703125,316.0,373.25
2022-03-21 00:00:00+05:30,395.1000061035156,404.0,363.54998779296875,367.8500061035156
2022-03-22 00:00:00+05:30,368.8999938964844,377.79998779296875,356.0,362.3500061035156
2022-03-23 00:00:00+05:30,367.0,373.6499938964844,352.20001220703125,357.70001220703125
2022-03-24 00:00:00+05:30,350.0,357.75,346.3500061035156,350.3500061035156
2022-03-25 00:00:00+05:30,352.5,360.0,333.54998779296875,339.6000061035156
2022-03-28 00:00:00+05:30,342.6000061035156,360.0,340.8500061035156,351.95001220703125
2022-03-29 00:00:00+05:30,354.5,360.0,348.0,350.8999938964844
2022-03-30 00:00:00+05:30,353.8999938964844,357.3999938964844,351.70001220703125,353.1499938964844
2022-03-31 00:00:00+05:30,358.0,358.0,342.0,344.70001220703125
2022-04-01 00:00:00+05:30,348.6000061035156,375.0,346.0,369.5
2022-04-04 00:00:00+05:30,379.0,390.0,376.0,378.95001220703125
2022-04-05 00:00:00+05:30,382.3500061035156,385.54998779296875,372.8500061035156,376.70001220703125
2022-04-06 00:00:00+05:30,375.0,380.0,371.0,374.04998779296875
2022-04-07 00:00:00+05:30,374.0,379.25,363.0,371.29998779296875
2022-04-08 00:00:00+05:30,367.5,385.0,367.5,381.3500061035156
2022-04-11 00:00:00+05:30,381.3500061035156,381.45001220703125,371.20001220703125,376.1499938964844
2022-04-12 00:00:00+05:30,378.3500061035156,378.3500061035156,362.04998779296875,371.3500061035156
2022-04-13 00:00:00+05:30,376.8500061035156,376.8500061035156,369.0,370.8500061035156
2022-04-18 00:00:00+05:30,375.45001220703125,375.45001220703125,360.0,364.79998779296875
2022-04-19 00:00:00+05:30,370.25,385.0,349.95001220703125,360.3500061035156
2022-04-20 00:00:00+05:30,367.79998779296875,372.3999938964844,356.1499938964844,360.70001220703125
2022-04-21 00:00:00+05:30,369.45001220703125,387.5,367.95001220703125,381.45001220703125
2022-04-22 00:00:00+05:30,382.8999938964844,387.3500061035156,376.0,379.25
2022-04-25 00:00:00+05:30,377.8999938964844,379.0,362.6000061035156,369.54998779296875
2022-04-26 00:00:00+05:30,373.0,394.75,366.6000061035156,374.6000061035156
2022-04-27 00:00:00+05:30,366.0,373.0,360.0,366.79998779296875
2022-04-28 00:00:00+05:30,384.0,384.0,363.0,365.95001220703125
2022-04-29 00:00:00+05:30,371.1000061035156,371.20001220703125,357.79998779296875,360.5
2022-05-02 00:00:00+05:30,352.1000061035156,359.79998779296875,332.29998779296875,339.8999938964844
2022-05-04 00:00:00+05:30,348.0,354.95001220703125,331.8999938964844,337.1000061035156
2022-05-05 00:00:00+05:30,343.8500061035156,344.3500061035156,325.0,329.79998779296875
2022-05-06 00:00:00+05:30,324.0,325.6499938964844,317.04998779296875,320.6499938964844
2022-05-09 00:00:00+05:30,320.6499938964844,322.8999938964844,304.79998779296875,317.6000061035156
2022-05-10 00:00:00+05:30,321.5,321.5,310.1499938964844,313.29998779296875
2022-05-11 00:00:00+05:30,318.0,320.6499938964844,300.8500061035156,314.75
2022-05-12 00:00:00+05:30,310.0,313.8500061035156,300.0,302.75
2022-05-13 00:00:00+05:30,315.6000061035156,319.0,305.0,307.0
2022-05-16 00:00:00+05:30,311.6000061035156,328.45001220703125,308.04998779296875,321.29998779296875
2022-05-17 00:00:00+05:30,330.0,330.0,320.6499938964844,326.3999938964844
2022-05-18 00:00:00+05:30,336.0,340.0,320.0,324.3999938964844
2022-05-19 00:00:00+05:30,318.0,319.54998779296875,308.0,314.0
2022-05-20 00:00:00+05:30,324.8999938964844,336.75,316.20001220703125,328.45001220703125
2022-05-23 00:00:00+05:30,335.04998779296875,337.3999938964844,312.45001220703125,315.6499938964844
2022-05-24 00:00:00+05:30,320.0,320.0,305.0,307.3500061035156
2022-05-25 00:00:00+05:30,314.5,314.5,300.20001220703125,303.95001220703125
2022-05-26 00:00:00+05:30,308.45001220703125,314.3500061035156,299.25,307.3500061035156
2022-05-27 00:00:00+05:30,313.0,324.0,310.0,319.75
2022-05-30 00:00:00+05:30,329.8999938964844,332.29998779296875,324.0,326.1499938964844
2022-05-31 00:00:00+05:30,322.0,329.54998779296875,319.25,325.3999938964844
2022-06-01 00:00:00+05:30,329.0,329.0,316.54998779296875,319.8500061035156
2022-06-02 00:00:00+05:30,314.0,319.8999938964844,307.25,312.45001220703125
2022-06-03 00:00:00+05:30,317.04998779296875,320.3500061035156,310.0,315.1000061035156
2022-06-06 00:00:00+05:30,314.0,319.8999938964844,310.3500061035156,314.8500061035156
2022-06-07 00:00:00+05:30,319.25,319.25,312.0,314.95001220703125
2022-06-08 00:00:00+05:30,319.0,322.79998779296875,311.0,312.1499938964844
2022-06-09 00:00:00+05:30,316.0,316.0,309.1000061035156,310.75
2022-06-10 00:00:00+05:30,314.0,321.0,310.25,316.20001220703125
2022-06-13 00:00:00+05:30,310.0,315.8999938964844,303.6000061035156,312.25
2022-06-14 00:00:00+05:30,303.5,312.0,303.5,305.70001220703125
2022-06-15 00:00:00+05:30,310.0,310.0,302.0,303.1000061035156
2022-06-16 00:00:00+05:30,311.0,311.0,283.0,287.45001220703125
2022-06-17 00:00:00+05:30,285.04998779296875,289.6499938964844,283.0,284.3999938964844
2022-06-20 00:00:00+05:30,299.0,299.0,267.6000061035156,274.6000061035156
2022-06-21 00:00:00+05:30,285.0,307.3999938964844,270.0,295.95001220703125
2022-06-22 00:00:00+05:30,304.8999938964844,304.8999938964844,285.04998779296875,287.5
2022-06-23 00:00:00+05:30,297.0,297.0,280.0,282.70001220703125
2022-06-24 00:00:00+05:30,287.0,298.0,285.8999938964844,293.45001220703125
2022-06-27 00:00:00+05:30,299.45001220703125,302.95001220703125,288.0,292.75
2022-06-28 00:00:00+05:30,291.70001220703125,303.0,287.04998779296875,298.95001220703125
2022-06-29 00:00:00+05:30,297.0,302.79998779296875,294.3500061035156,300.6499938964844
2022-06-30 00:00:00+05:30,302.0,308.0,287.6000061035156,294.1499938964844
2022-07-01 00:00:00+05:30,292.0,299.1000061035156,292.0,296.3999938964844
2022-07-04 00:00:00+05:30,298.5,305.3999938964844,287.5,291.8999938964844
2022-07-05 00:00:00+05:30,292.0,294.8999938964844,283.0,285.79998779296875
2022-07-06 00:00:00+05:30,287.6499938964844,289.20001220703125,268.29998779296875,271.3500061035156
2022-07-07 00:00:00+05:30,274.79998779296875,277.95001220703125,264.8500061035156,267.3500061035156
2022-07-08 00:00:00+05:30,273.0,277.0,271.0,272.8999938964844
2022-07-11 00:00:00+05:30,278.0,300.0,274.20001220703125,292.6000061035156
2022-07-12 00:00:00+05:30,295.0,306.95001220703125,289.0,293.20001220703125
2022-07-13 00:00:00+05:30,292.0,294.0,285.0,287.04998779296875
2022-07-14 00:00:00+05:30,287.0,287.0,280.79998779296875,281.95001220703125
2022-07-15 00:00:00+05:30,283.0,285.0,277.29998779296875,283.75
2022-07-18 00:00:00+05:30,287.0,287.0,281.29998779296875,284.3999938964844
2022-07-19 00:00:00+05:30,284.3999938964844,288.70001220703125,282.1000061035156,283.54998779296875
2022-07-20 00:00:00+05:30,286.0,289.1499938964844,284.0,286.1000061035156
2022-07-21 00:00:00+05:30,289.0,289.0,284.04998779296875,286.45001220703125
2022-07-22 00:00:00+05:30,288.3500061035156,293.79998779296875,285.0,286.1499938964844
2022-07-25 00:00:00+05:30,286.0,286.0,280.3999938964844,283.1499938964844
2022-07-26 00:00:00+05:30,283.0,283.0,278.45001220703125,279.3999938964844
2022-07-27 00:00:00+05:30,279.0,279.8500061035156,275.6499938964844,278.79998779296875
2022-07-28 00:00:00+05:30,280.0,285.45001220703125,271.3999938964844,274.04998779296875
2022-07-29 00:00:00+05:30,275.0,279.1499938964844,274.1499938964844,278.1499938964844
2022-08-01 00:00:00+05:30,279.95001220703125,284.3999938964844,278.0,283.79998779296875
2022-08-02 00:00:00+05:30,287.8999938964844,290.0,283.1499938964844,284.54998779296875
2022-08-03 00:00:00+05:30,284.54998779296875,285.45001220703125,281.1000061035156,284.04998779296875
2022-08-04 00:00:00+05:30,288.25,288.25,279.1499938964844,282.75
2022-08-05 00:00:00+05:30,282.75,283.79998779296875,280.54998779296875,281.04998779296875
2022-08-08 00:00:00+05:30,273.3500061035156,279.95001220703125,273.3500061035156,279.1499938964844
2022-08-10 00:00:00+05:30,280.0,280.0,275.8999938964844,278.79998779296875
2022-08-11 00:00:00+05:30,279.0,282.8999938964844,277.75,280.1000061035156
2022-08-12 00:00:00+05:30,280.0,285.0,279.5,280.95001220703125
2022-08-16 00:00:00+05:30,286.6000061035156,286.6000061035156,281.0,281.8500061035156
2022-08-17 00:00:00+05:30,285.1000061035156,289.8999938964844,279.04998779296875,281.5
2022-08-18 00:00:00+05:30,280.1000061035156,286.5,280.04998779296875,281.6499938964844
2022-08-19 00:00:00+05:30,286.0,290.3500061035156,280.04998779296875,281.5
2022-08-22 00:00:00+05:30,283.8999938964844,284.5,275.0,276.0
2022-08-23 00:00:00+05:30,274.0,278.04998779296875,270.75,277.29998779296875
2022-08-24 00:00:00+05:30,275.0,289.0,275.0,282.45001220703125
2022-08-25 00:00:00+05:30,283.1000061035156,287.75,281.1000061035156,283.29998779296875
2022-08-26 00:00:00+05:30,283.29998779296875,289.75,283.0,285.1000061035156
2022-08-29 00:00:00+05:30,280.0,295.0,277.70001220703125,287.6499938964844
2022-08-30 00:00:00+05:30,318.0,345.1499938964844,306.3500061035156,345.1499938964844
2022-09-01 00:00:00+05:30,372.0,377.3999938964844,337.1000061035156,340.95001220703125
2022-09-02 00:00:00+05:30,339.79998779296875,344.8999938964844,329.20001220703125,331.79998779296875
2022-09-05 00:00:00+05:30,339.70001220703125,360.0,334.0,351.3999938964844
2022-09-06 00:00:00+05:30,358.0,364.79998779296875,345.29998779296875,348.04998779296875
2022-09-07 00:00:00+05:30,348.04998779296875,356.0,335.0,354.45001220703125
2022-09-08 00:00:00+05:30,360.0,361.0,348.0,350.6000061035156
2022-09-09 00:00:00+05:30,354.45001220703125,354.45001220703125,345.0,346.1000061035156
2022-09-12 00:00:00+05:30,351.25,355.0,348.0,352.3999938964844
2022-09-13 00:00:00+05:30,360.0,360.0,353.04998779296875,356.8500061035156
2022-09-14 00:00:00+05:30,360.0,385.6000061035156,352.0,376.25
2022-09-15 00:00:00+05:30,389.8999938964844,391.1499938964844,375.1000061035156,378.79998779296875
2022-09-16 00:00:00+05:30,387.8999938964844,388.0,357.3999938964844,364.20001220703125
2022-09-19 00:00:00+05:30,365.0,374.3999938964844,356.0,359.45001220703125
2022-09-20 00:00:00+05:30,364.0,364.5,348.79998779296875,351.1499938964844
2022-09-21 00:00:00+05:30,350.1000061035156,354.79998779296875,338.04998779296875,342.95001220703125
2022-09-22 00:00:00+05:30,353.0,353.0,341.0,348.25
2022-09-23 00:00:00+05:30,365.0,365.0,341.0,342.70001220703125
2022-09-26 00:00:00+05:30,347.0,347.0,303.6000061035156,332.20001220703125
2022-09-27 00:00:00+05:30,335.45001220703125,370.0,330.0,332.3500061035156
2022-09-28 00:00:00+05:30,340.0,340.0,330.1000061035156,335.95001220703125
2022-09-29 00:00:00+05:30,335.95001220703125,340.45001220703125,330.0,333.04998779296875
2022-09-30 00:00:00+05:30,334.0,342.0,330.20001220703125,338.1499938964844
2022-10-03 00:00:00+05:30,343.0,343.1499938964844,332.0,335.20001220703125
2022-10-04 00:00:00+05:30,339.8500061035156,356.0,338.79998779296875,345.6000061035156
2022-10-06 00:00:00+05:30,353.5,353.5,343.25,347.3999938964844
2022-10-07 00:00:00+05:30,350.0,350.04998779296875,343.5,344.8500061035156
2022-10-10 00:00:00+05:30,344.8500061035156,346.95001220703125,340.20001220703125,346.04998779296875
2022-10-11 00:00:00+05:30,346.8999938964844,348.3999938964844,333.20001220703125,335.8500061035156
2022-10-12 00:00:00+05:30,342.54998779296875,342.54998779296875,331.0,332.3500061035156
2022-10-13 00:00:00+05:30,331.5,363.0,331.5,353.6499938964844
2022-10-14 00:00:00+05:30,362.8500061035156,371.95001220703125,339.6000061035156,342.6499938964844
2022-10-17 00:00:00+05:30,342.6499938964844,352.1499938964844,334.04998779296875,343.79998779296875
2022-10-18 00:00:00+05:30,350.0,365.0,342.0,362.04998779296875
2022-10-19 00:00:00+05:30,364.79998779296875,373.1499938964844,352.0,356.6499938964844
2022-10-20 00:00:00+05:30,361.0,367.0,346.0,347.5
2022-10-21 00:00:00+05:30,349.0,350.95001220703125,332.0,335.04998779296875
2022-10-24 00:00:00+05:30,344.0,345.0,336.54998779296875,340.3999938964844
2022-10-25 00:00:00+05:30,340.3999938964844,344.1000061035156,329.70001220703125,333.45001220703125
2022-10-27 00:00:00+05:30,331.0,340.0,331.0,335.0
2022-10-28 00:00:00+05:30,337.0,339.45001220703125,320.0,322.6499938964844
2022-10-31 00:00:00+05:30,327.0,327.8999938964844,323.0,324.45001220703125
2022-11-01 00:00:00+05:30,325.0,326.45001220703125,320.3500061035156,321.25
2022-11-02 00:00:00+05:30,323.0,329.95001220703125,318.1000061035156,321.75
2022-11-03 00:00:00+05:30,317.04998779296875,324.3500061035156,317.04998779296875,319.3500061035156
2022-11-04 00:00:00+05:30,320.0,324.0,318.95001220703125,320.45001220703125
2022-11-07 00:00:00+05:30,328.0,328.0,321.0,326.75
2022-11-09 00:00:00+05:30,326.75,328.95001220703125,320.6000061035156,321.79998779296875
2022-11-10 00:00:00+05:30,325.45001220703125,325.45001220703125,313.0,314.6000061035156
2022-11-11 00:00:00+05:30,319.45001220703125,322.0,316.0,318.54998779296875
2022-11-14 00:00:00+05:30,320.0,321.95001220703125,310.3500061035156,314.5
2022-11-15 00:00:00+05:30,319.0,319.0,310.29998779296875,314.0
2022-11-16 00:00:00+05:30,319.0,319.0,313.54998779296875,315.6000061035156
2022-11-17 00:00:00+05:30,319.0,319.0,310.0,311.95001220703125
2022-11-18 00:00:00+05:30,317.0,317.0,311.0,314.54998779296875
2022-11-21 00:00:00+05:30,318.0,318.0,303.3500061035156,307.5
2022-11-22 00:00:00+05:30,307.3500061035156,311.95001220703125,305.0,306.6000061035156
2022-11-23 00:00:00+05:30,307.75,316.0,305.54998779296875,314.79998779296875
2022-11-24 00:00:00+05:30,320.0,320.0,309.5,312.20001220703125
2022-11-25 00:00:00+05:30,317.0,317.45001220703125,302.6499938964844,311.79998779296875
2022-11-28 00:00:00+05:30,314.45001220703125,316.8500061035156,309.54998779296875,312.45001220703125
2022-11-29 00:00:00+05:30,315.54998779296875,315.54998779296875,306.0,308.5
2022-11-30 00:00:00+05:30,310.95001220703125,318.8999938964844,309.1499938964844,313.1499938964844
2022-12-01 00:00:00+05:30,317.25,318.0,310.3500061035156,314.6499938964844
2022-12-02 00:00:00+05:30,316.0,333.8999938964844,310.54998779296875,328.25
2022-12-05 00:00:00+05:30,328.25,331.25,321.0,323.3999938964844
2022-12-06 00:00:00+05:30,326.6499938964844,330.0,320.0,328.45001220703125
2022-12-07 00:00:00+05:30,335.0,350.8999938964844,325.3999938964844,330.95001220703125
2022-12-08 00:00:00+05:30,337.0,338.0,330.0,331.8999938964844
2022-12-09 00:00:00+05:30,335.20001220703125,335.20001220703125,320.0,324.0
2022-12-12 00:00:00+05:30,324.0,328.95001220703125,318.3500061035156,324.1000061035156
2022-12-13 00:00:00+05:30,324.0,327.8999938964844,324.0,325.5
2022-12-14 00:00:00+05:30,327.5,334.0,324.0,327.5
2022-12-15 00:00:00+05:30,330.29998779296875,330.29998779296875,321.1499938964844,323.6499938964844
2022-12-16 00:00:00+05:30,321.45001220703125,327.5,321.1000061035156,324.5
2022-12-19 00:00:00+05:30,321.0,326.5,317.29998779296875,319.8999938964844
2022-12-20 00:00:00+05:30,320.1000061035156,324.6499938964844,316.6000061035156,319.3999938964844
2022-12-21 00:00:00+05:30,319.0,321.0,306.8999938964844,309.3999938964844
2022-12-22 00:00:00+05:30,310.0,312.45001220703125,295.04998779296875,299.79998779296875
2022-12-23 00:00:00+05:30,296.0,305.0,289.04998779296875,298.5
2022-12-26 00:00:00+05:30,304.5,317.0,300.1499938964844,309.3500061035156
2022-12-27 00:00:00+05:30,307.0,315.0,307.0,311.04998779296875
2022-12-28 00:00:00+05:30,314.1499938964844,314.1499938964844,304.1000061035156,306.29998779296875
2022-12-29 00:00:00+05:30,306.3999938964844,308.8500061035156,301.1000061035156,305.29998779296875
2022-12-30 00:00:00+05:30,306.79998779296875,309.0,305.54998779296875,307.54998779296875
2023-01-02 00:00:00+05:30,309.0,316.75,305.04998779296875,314.95001220703125
2023-01-03 00:00:00+05:30,310.20001220703125,321.6499938964844,310.20001220703125,320.29998779296875
2023-01-04 00:00:00+05:30,321.6000061035156,324.95001220703125,311.3999938964844,314.3999938964844
2023-01-05 00:00:00+05:30,317.8999938964844,318.3999938964844,311.1000061035156,313.0
2023-01-06 00:00:00+05:30,312.6000061035156,317.6000061035156,310.20001220703125,312.29998779296875
2023-01-09 00:00:00+05:30,317.0,318.0,314.0,315.5
2023-01-10 00:00:00+05:30,319.0,319.0,310.1000061035156,314.6499938964844
2023-01-11 00:00:00+05:30,319.0,329.0,295.54998779296875,312.75
2023-01-12 00:00:00+05:30,329.0,351.70001220703125,320.79998779296875,323.29998779296875
2023-01-13 00:00:00+05:30,322.8999938964844,328.45001220703125,316.3999938964844,319.04998779296875
2023-01-16 00:00:00+05:30,319.04998779296875,322.0,313.6000061035156,315.04998779296875
2023-01-17 00:00:00+05:30,317.8999938964844,320.0,308.0,311.3500061035156
2023-01-18 00:00:00+05:30,313.8500061035156,319.0,307.6499938964844,313.20001220703125
2023-01-19 00:00:00+05:30,312.0,315.6499938964844,308.5,309.1000061035156
2023-01-20 00:00:00+05:30,309.04998779296875,312.8999938964844,305.0,306.3999938964844
2023-01-23 00:00:00+05:30,306.3999938964844,307.8500061035156,300.0,301.3500061035156
2023-01-24 00:00:00+05:30,302.29998779296875,307.1499938964844,300.75,303.75
2023-01-25 00:00:00+05:30,303.54998779296875,304.95001220703125,300.6000061035156,302.20001220703125
2023-01-27 00:00:00+05:30,303.45001220703125,303.45001220703125,291.20001220703125,298.20001220703125
2023-01-30 00:00:00+05:30,298.20001220703125,303.20001220703125,294.0,295.6499938964844
2023-01-31 00:00:00+05:30,300.0,302.0,294.04998779296875,297.6499938964844
2023-02-01 00:00:00+05:30,302.04998779296875,303.25,288.0,291.1000061035156
2023-02-02 00:00:00+05:30,290.0,294.3500061035156,287.0,287.79998779296875
2023-02-03 00:00:00+05:30,298.70001220703125,298.70001220703125,285.0,287.29998779296875
2023-02-06 00:00:00+05:30,287.29998779296875,294.3999938964844,286.0,293.54998779296875
2023-02-07 00:00:00+05:30,297.0,297.0,290.04998779296875,294.1000061035156
2023-02-08 00:00:00+05:30,294.95001220703125,303.54998779296875,293.79998779296875,302.0
2023-02-09 00:00:00+05:30,305.04998779296875,306.0,294.1000061035156,295.54998779296875
2023-02-10 00:00:00+05:30,296.0,299.45001220703125,293.54998779296875,294.8999938964844
2023-02-13 00:00:00+05:30,300.0,300.0,292.0,292.3999938964844
2023-02-14 00:00:00+05:30,293.0,296.8500061035156,283.0,285.79998779296875
2023-02-15 00:00:00+05:30,286.0,286.6499938964844,281.6000061035156,284.8500061035156
2023-02-16 00:00:00+05:30,286.0,293.54998779296875,281.3500061035156,291.0
2023-02-17 00:00:00+05:30,294.8999938964844,294.8999938964844,290.54998779296875,291.3500061035156
2023-02-20 00:00:00+05:30,294.0,294.0,288.0,288.20001220703125
2023-02-21 00:00:00+05:30,289.5,291.8500061035156,283.79998779296875,285.6000061035156
2023-02-22 00:00:00+05:30,286.1000061035156,289.6000061035156,284.54998779296875,286.20001220703125
2023-02-23 00:00:00+05:30,285.8999938964844,289.8999938964844,284.8500061035156,285.8999938964844
2023-02-24 00:00:00+05:30,281.8500061035156,286.95001220703125,281.0,282.20001220703125
2023-02-27 00:00:00+05:30,281.0,284.95001220703125,271.0,272.25
2023-02-28 00:00:00+05:30,275.8999938964844,277.3999938964844,271.29998779296875,274.3500061035156
2023-03-01 00:00:00+05:30,277.0,278.8999938964844,272.04998779296875,277.3500061035156
2023-03-02 00:00:00+05:30,285.0,285.0,270.1000061035156,272.79998779296875
2023-03-03 00:00:00+05:30,275.8500061035156,283.0,272.04998779296875,278.3999938964844
2023-03-06 00:00:00+05:30,314.6000061035156,327.54998779296875,296.0,298.70001220703125
2023-03-08 00:00:00+05:30,303.1499938964844,304.79998779296875,289.04998779296875,297.1499938964844
2023-03-09 00:00:00+05:30,300.1000061035156,301.54998779296875,296.0,297.79998779296875
2023-03-10 00:00:00+05:30,301.0,303.0,294.1499938964844,299.8500061035156
2023-03-13 00:00:00+05:30,300.0,303.29998779296875,279.95001220703125,285.0
2023-03-14 00:00:00+05:30,284.25,290.8999938964844,279.79998779296875,282.3999938964844
2023-03-15 00:00:00+05:30,283.0,290.8999938964844,283.0,285.75
2023-03-16 00:00:00+05:30,285.75,290.0,280.45001220703125,286.75
2023-03-17 00:00:00+05:30,291.04998779296875,299.0,288.0,291.5
2023-03-20 00:00:00+05:30,291.54998779296875,294.95001220703125,280.0,283.6000061035156
2023-03-21 00:00:00+05:30,283.6000061035156,290.1499938964844,283.6000061035156,286.75
2023-03-22 00:00:00+05:30,290.95001220703125,290.95001220703125,281.1499938964844,284.8999938964844
2023-03-23 00:00:00+05:30,284.8999938964844,289.8999938964844,281.70001220703125,284.0
2023-03-24 00:00:00+05:30,284.20001220703125,286.3999938964844,282.29998779296875,284.45001220703125
2023-03-27 00:00:00+05:30,288.6499938964844,295.04998779296875,275.5,280.6000061035156
2023-03-28 00:00:00+05:30,280.04998779296875,283.95001220703125,274.04998779296875,275.3999938964844
2023-03-29 00:00:00+05:30,279.45001220703125,279.45001220703125,274.0,274.95001220703125
2023-03-31 00:00:00+05:30,277.1000061035156,286.3999938964844,277.1000061035156,283.0
2023-04-03 00:00:00+05:30,285.0,288.95001220703125,280.3999938964844,285.04998779296875
2023-04-05 00:00:00+05:30,285.5,289.0,283.54998779296875,286.6499938964844
2023-04-06 00:00:00+05:30,288.5,290.6499938964844,286.1000061035156,289.6499938964844
2023-04-10 00:00:00+05:30,294.0,294.0,285.0,286.95001220703125
2023-04-11 00:00:00+05:30,286.5,301.6499938964844,286.5,293.8500061035156
2023-04-12 00:00:00+05:30,297.0,297.6000061035156,294.04998779296875,295.45001220703125
2023-04-13 00:00:00+05:30,298.0,298.0,292.0,294.1499938964844
2023-04-17 00:00:00+05:30,295.0,295.0,290.1000061035156,292.25
2023-04-18 00:00:00+05:30,296.54998779296875,299.45001220703125,291.54998779296875,294.5
2023-04-19 00:00:00+05:30,298.0,298.0,290.3500061035156,293.29998779296875
2023-04-20 00:00:00+05:30,293.29998779296875,298.0,292.45001220703125,296.8500061035156
2023-04-21 00:00:00+05:30,299.0,299.0,293.29998779296875,294.8500061035156
2023-04-24 00:00:00+05:30,299.25,304.5,294.8500061035156,301.6000061035156
2023-04-25 00:00:00+05:30,304.5,304.95001220703125,298.1000061035156,300.1000061035156
2023-04-26 00:00:00+05:30,302.8999938964844,302.8999938964844,296.04998779296875,299.1499938964844
2023-04-27 00:00:00+05:30,301.5,301.5,295.6000061035156,298.3500061035156
2023-04-28 00:00:00+05:30,301.0,312.8999938964844,301.0,307.95001220703125
2023-05-02 00:00:00+05:30,325.0,330.0,305.0,307.8500061035156
2023-05-03 00:00:00+05:30,314.0,314.0,305.0,306.6499938964844
2023-05-04 00:00:00+05:30,311.0,311.0,307.1499938964844,308.70001220703125
2023-05-05 00:00:00+05:30,311.0,319.79998779296875,309.5,312.8999938964844
2023-05-08 00:00:00+05:30,317.45001220703125,319.75,313.04998779296875,316.3999938964844
2023-05-09 00:00:00+05:30,312.0,316.45001220703125,312.0,313.54998779296875
2023-05-10 00:00:00+05:30,316.70001220703125,316.70001220703125,312.5,314.04998779296875
2023-05-11 00:00:00+05:30,314.95001220703125,317.29998779296875,312.0,314.25
2023-05-12 00:00:00+05:30,312.04998779296875,315.0,312.04998779296875,313.54998779296875
2023-05-15 00:00:00+05:30,316.8999938964844,316.95001220703125,308.79998779296875,309.79998779296875
2023-05-16 00:00:00+05:30,315.0,315.0,309.0,310.25
2023-05-17 00:00:00+05:30,312.0,314.3500061035156,307.6000061035156,310.5
2023-05-18 00:00:00+05:30,314.95001220703125,314.95001220703125,312.0,312.95001220703125
2023-05-19 00:00:00+05:30,315.0,316.0,311.04998779296875,313.45001220703125
2023-05-22 00:00:00+05:30,318.0,318.0,310.0,311.5
2023-05-23 00:00:00+05:30,314.70001220703125,314.70001220703125,308.3999938964844,309.3999938964844
2023-05-24 00:00:00+05:30,309.6000061035156,311.95001220703125,309.0,310.75
2023-05-25 00:00:00+05:30,313.0,314.20001220703125,308.04998779296875,310.70001220703125
2023-05-26 00:00:00+05:30,320.0,363.8999938964844,319.95001220703125,342.79998779296875
2023-05-29 00:00:00+05:30,345.0,366.3999938964844,345.0,357.3500061035156
2023-05-30 00:00:00+05:30,358.0,362.6000061035156,341.75,344.75
2023-05-31 00:00:00+05:30,345.0,360.0,340.79998779296875,356.1000061035156
2023-06-01 00:00:00+05:30,359.8999938964844,375.25,356.0,367.70001220703125
2023-06-02 00:00:00+05:30,375.45001220703125,378.0,363.29998779296875,368.3500061035156
2023-06-05 00:00:00+05:30,371.5,390.0,369.1000061035156,380.20001220703125
2023-06-06 00:00:00+05:30,382.8500061035156,384.70001220703125,375.04998779296875,381.1000061035156
2023-06-07 00:00:00+05:30,382.5,393.0,379.0,380.6499938964844
2023-06-08 00:00:00+05:30,384.0,384.0,375.1499938964844,377.3500061035156
2023-06-09 00:00:00+05:30,370.0,377.0,366.0,366.8500061035156
2023-06-12 00:00:00+05:30,370.5,378.20001220703125,368.6000061035156,372.95001220703125
2023-06-13 00:00:00+05:30,374.95001220703125,376.0,364.0,366.20001220703125
2023-06-14 00:00:00+05:30,369.8500061035156,372.45001220703125,362.04998779296875,365.95001220703125
2023-06-15 00:00:00+05:30,366.04998779296875,370.75,364.1000061035156,366.5
2023-06-16 00:00:00+05:30,363.04998779296875,380.0,363.04998779296875,364.6000061035156
2023-06-19 00:00:00+05:30,369.8500061035156,369.95001220703125,358.04998779296875,362.3500061035156
2023-06-20 00:00:00+05:30,331.0,357.6000061035156,331.0,356.1000061035156
2023-06-21 00:00:00+05:30,375.0,375.0,362.0,366.8999938964844
2023-06-22 00:00:00+05:30,372.3500061035156,372.3500061035156,355.0,356.8500061035156
2023-06-23 00:00:00+05:30,360.3999938964844,361.0,350.20001220703125,355.70001220703125
2023-06-26 00:00:00+05:30,359.6499938964844,361.8500061035156,353.1499938964844,357.75
2023-06-27 00:00:00+05:30,360.0,364.0,355.54998779296875,358.5
2023-06-28 00:00:00+05:30,362.0,362.95001220703125,355.1000061035156,358.6499938964844
2023-06-30 00:00:00+05:30,361.95001220703125,375.0,361.5,370.75
2023-07-03 00:00:00+05:30,377.0,377.0,363.0,366.6000061035156
2023-07-04 00:00:00+05:30,369.20001220703125,375.0,366.6000061035156,368.95001220703125
2023-07-05 00:00:00+05:30,372.6499938964844,421.6000061035156,366.8999938964844,411.54998779296875
2023-07-06 00:00:00+05:30,409.0,409.5,394.1499938964844,402.5
2023-07-07 00:00:00+05:30,402.5,409.5,392.8999938964844,398.3500061035156
2023-07-10 00:00:00+05:30,398.3500061035156,405.3999938964844,390.6000061035156,394.6499938964844
2023-07-11 00:00:00+05:30,401.79998779296875,415.8500061035156,397.20001220703125,409.04998779296875
2023-07-12 00:00:00+05:30,408.45001220703125,430.0,408.3999938964844,417.79998779296875
2023-07-13 00:00:00+05:30,435.0,444.29998779296875,410.3999938964844,416.1499938964844
2023-07-14 00:00:00+05:30,416.0,422.3999938964844,395.0,397.79998779296875
2023-07-17 00:00:00+05:30,402.20001220703125,402.20001220703125,390.95001220703125,392.04998779296875
2023-07-18 00:00:00+05:30,396.29998779296875,397.25,386.1499938964844,389.3999938964844
2023-07-19 00:00:00+05:30,392.79998779296875,396.20001220703125,388.0,394.45001220703125
2023-07-20 00:00:00+05:30,394.3999938964844,407.29998779296875,394.3999938964844,399.95001220703125
2023-07-21 00:00:00+05:30,402.70001220703125,405.8500061035156,398.04998779296875,400.8500061035156
2023-07-24 00:00:00+05:30,403.95001220703125,403.95001220703125,389.6499938964844,393.6499938964844
2023-07-25 00:00:00+05:30,423.70001220703125,472.3500061035156,413.0,453.6499938964844
2023-07-26 00:00:00+05:30,457.45001220703125,481.6499938964844,453.3999938964844,464.1000061035156
2023-07-27 00:00:00+05:30,462.0,469.25,456.54998779296875,462.0
2023-07-28 00:00:00+05:30,464.95001220703125,485.0,462.54998779296875,472.20001220703125
2023-07-31 00:00:00+05:30,477.8999938964844,478.0,455.0,458.25
2023-08-01 00:00:00+05:30,463.29998779296875,467.0,457.0,459.29998779296875
2023-08-02 00:00:00+05:30,462.5,462.5,440.3500061035156,445.29998779296875
2023-08-03 00:00:00+05:30,449.70001220703125,466.6000061035156,445.04998779296875,449.1000061035156
2023-08-04 00:00:00+05:30,450.1000061035156,457.8500061035156,445.1000061035156,448.29998779296875
2023-08-07 00:00:00+05:30,451.6499938964844,469.04998779296875,447.0,450.6499938964844
2023-08-08 00:00:00+05:30,448.3999938964844,460.95001220703125,447.1499938964844,454.8999938964844
2023-08-09 00:00:00+05:30,459.79998779296875,468.45001220703125,453.8999938964844,458.75
2023-08-10 00:00:00+05:30,458.54998779296875,462.1499938964844,456.04998779296875,459.3500061035156
2023-08-11 00:00:00+05:30,462.79998779296875,478.95001220703125,446.3500061035156,456.20001220703125
2023-08-14 00:00:00+05:30,452.8500061035156,452.8500061035156,435.70001220703125,449.3500061035156
2023-08-16 00:00:00+05:30,446.0,458.0,446.0,449.3999938964844
2023-08-17 00:00:00+05:30,456.1499938964844,457.79998779296875,440.0,442.79998779296875
2023-08-18 00:00:00+05:30,442.0,449.54998779296875,428.1499938964844,431.25
2023-08-21 00:00:00+05:30,434.95001220703125,441.45001220703125,426.1499938964844,436.54998779296875
2023-08-22 00:00:00+05:30,438.8999938964844,467.29998779296875,435.8500061035156,464.95001220703125
2023-08-23 00:00:00+05:30,468.20001220703125,468.20001220703125,457.20001220703125,460.45001220703125
2023-08-24 00:00:00+05:30,463.3999938964844,464.8999938964844,453.3999938964844,460.75
2023-08-25 00:00:00+05:30,457.20001220703125,463.1000061035156,447.6499938964844,450.1499938964844
2023-08-28 00:00:00+05:30,454.04998779296875,454.3999938964844,440.0,442.45001220703125
2023-08-29 00:00:00+05:30,451.25,461.95001220703125,446.54998779296875,457.04998779296875
2023-08-30 00:00:00+05:30,463.0,463.0,450.0,451.1000061035156
2023-08-31 00:00:00+05:30,455.29998779296875,456.1499938964844,447.0,448.6000061035156
2023-09-01 00:00:00+05:30,452.5,465.0,445.5,449.45001220703125
2023-09-04 00:00:00+05:30,452.8500061035156,454.3999938964844,446.3999938964844,448.1499938964844
2023-09-05 00:00:00+05:30,447.0,467.3500061035156,447.0,464.54998779296875
2023-09-06 00:00:00+05:30,469.75,472.0,454.75,458.29998779296875
2023-09-07 00:00:00+05:30,462.8999938964844,469.79998779296875,456.20001220703125,465.20001220703125
2023-09-08 00:00:00+05:30,466.0,474.95001220703125,460.1000061035156,466.1499938964844
2023-09-11 00:00:00+05:30,469.6499938964844,475.0,459.70001220703125,461.6000061035156
2023-09-12 00:00:00+05:30,465.95001220703125,466.0,427.6499938964844,445.1000061035156
2023-09-13 00:00:00+05:30,445.5,450.0,435.54998779296875,446.3500061035156
2023-09-14 00:00:00+05:30,455.0,455.0,445.25,446.79998779296875
2023-09-15 00:00:00+05:30,450.3999938964844,450.3999938964844,437.0,440.1499938964844
2023-09-18 00:00:00+05:30,444.8500061035156,445.70001220703125,435.1000061035156,438.3999938964844
2023-09-20 00:00:00+05:30,441.8999938964844,443.70001220703125,432.1499938964844,434.8999938964844
2023-09-21 00:00:00+05:30,432.0,437.6499938964844,422.1000061035156,424.95001220703125
2023-09-22 00:00:00+05:30,428.1000061035156,432.29998779296875,425.0,426.75
2023-09-25 00:00:00+05:30,430.0,447.0,427.0,439.79998779296875
2023-09-26 00:00:00+05:30,439.79998779296875,448.6000061035156,439.79998779296875,442.6000061035156
2023-09-27 00:00:00+05:30,442.6000061035156,444.04998779296875,433.6000061035156,439.29998779296875
2023-09-28 00:00:00+05:30,441.04998779296875,447.8500061035156,436.75,438.70001220703125
2023-09-29 00:00:00+05:30,438.70001220703125,444.1000061035156,436.54998779296875,440.8999938964844
2023-10-03 00:00:00+05:30,449.95001220703125,449.95001220703125,423.6000061035156,424.8500061035156
2023-10-04 00:00:00+05:30,424.0,425.0,406.3500061035156,412.54998779296875
2023-10-05 00:00:00+05:30,415.8500061035156,435.0,415.8500061035156,429.54998779296875
2023-10-06 00:00:00+05:30,433.20001220703125,436.75,425.1499938964844,429.1000061035156
2023-10-09 00:00:00+05:30,420.0,425.6000061035156,411.04998779296875,416.79998779296875
2023-10-10 00:00:00+05:30,420.0,433.45001220703125,419.0,428.5
2023-10-11 00:00:00+05:30,433.0,437.8999938964844,425.29998779296875,435.04998779296875
2023-10-12 00:00:00+05:30,439.3999938964844,441.0,430.0,435.3500061035156
2023-10-13 00:00:00+05:30,435.3500061035156,462.0,433.29998779296875,448.79998779296875
2023-10-16 00:00:00+05:30,453.75,457.0,440.04998779296875,443.45001220703125
2023-10-17 00:00:00+05:30,452.79998779296875,468.3999938964844,446.29998779296875,459.45001220703125
2023-10-18 00:00:00+05:30,462.0,475.0,461.95001220703125,471.79998779296875
2023-10-19 00:00:00+05:30,483.0,495.25,463.6000061035156,471.6499938964844
2023-10-20 00:00:00+05:30,471.6499938964844,476.45001220703125,450.0,452.29998779296875
2023-10-23 00:00:00+05:30,452.3500061035156,467.54998779296875,430.1499938964844,435.6000061035156
2023-10-25 00:00:00+05:30,440.79998779296875,447.20001220703125,414.54998779296875,421.3999938964844
2023-10-26 00:00:00+05:30,407.0,422.45001220703125,404.0,418.20001220703125
2023-10-27 00:00:00+05:30,425.0,443.0,423.79998779296875,435.3999938964844
2023-10-30 00:00:00+05:30,435.45001220703125,478.0,428.3500061035156,454.20001220703125
2023-10-31 00:00:00+05:30,454.0,463.0,436.3500061035156,444.5
2023-11-01 00:00:00+05:30,444.5,455.45001220703125,436.04998779296875,438.29998779296875
2023-11-02 00:00:00+05:30,444.8999938964844,453.45001220703125,441.45001220703125,443.79998779296875
2023-11-03 00:00:00+05:30,447.04998779296875,463.6499938964844,445.3999938964844,455.8500061035156
2023-11-06 00:00:00+05:30,459.70001220703125,465.45001220703125,448.25,449.79998779296875
2023-11-07 00:00:00+05:30,452.25,453.45001220703125,440.5,444.25
2023-11-08 00:00:00+05:30,452.0,452.0,442.0,443.5
2023-11-09 00:00:00+05:30,452.0,452.0,437.54998779296875,439.3500061035156
2023-11-10 00:00:00+05:30,440.95001220703125,450.0,434.29998779296875,438.20001220703125
2023-11-13 00:00:00+05:30,449.3999938964844,449.3999938964844,438.0,439.3500061035156
2023-11-15 00:00:00+05:30,445.04998779296875,449.95001220703125,437.6000061035156,439.1499938964844
2023-11-16 00:00:00+05:30,441.04998779296875,461.95001220703125,439.25,451.95001220703125
2023-11-17 00:00:00+05:30,456.0,459.95001220703125,450.04998779296875,451.54998779296875
2023-11-20 00:00:00+05:30,452.8999938964844,456.95001220703125,446.0,449.95001220703125
2023-11-21 00:00:00+05:30,453.79998779296875,453.79998779296875,442.54998779296875,446.70001220703125
2023-11-22 00:00:00+05:30,449.70001220703125,457.0,446.70001220703125,451.3999938964844
2023-11-23 00:00:00+05:30,462.70001220703125,462.70001220703125,453.04998779296875,454.6000061035156
2023-11-24 00:00:00+05:30,456.6000061035156,503.5,454.79998779296875,498.8500061035156
2023-11-28 00:00:00+05:30,510.0,532.0,507.04998779296875,519.0499877929688
2023-11-29 00:00:00+05:30,524.7999877929688,539.5,510.1000061035156,516.4000244140625
2023-11-30 00:00:00+05:30,514.5999755859375,522.0999755859375,514.25,518.0499877929688
2023-12-01 00:00:00+05:30,515.7999877929688,524.25,512.4000244140625,514.6500244140625
2023-12-04 00:00:00+05:30,530.0,530.0,504.5,508.75
2023-12-05 00:00:00+05:30,511.29998779296875,513.7999877929688,497.1000061035156,500.04998779296875
2023-12-06 00:00:00+05:30,502.79998779296875,512.3499755859375,497.0,505.70001220703125
2023-12-07 00:00:00+05:30,505.70001220703125,512.0,500.54998779296875,506.1000061035156
2023-12-08 00:00:00+05:30,513.7000122070312,514.0,489.0,495.3999938964844
2023-12-11 00:00:00+05:30,497.70001220703125,499.70001220703125,484.0,485.04998779296875
2023-12-12 00:00:00+05:30,491.0,496.0,482.1499938964844,483.6000061035156
2023-12-13 00:00:00+05:30,487.70001220703125,490.5,482.29998779296875,485.8500061035156
2023-12-14 00:00:00+05:30,488.75,507.20001220703125,488.6499938964844,498.75
2023-12-15 00:00:00+05:30,504.29998779296875,511.8999938964844,500.0,502.8500061035156
2023-12-18 00:00:00+05:30,502.8500061035156,515.0,502.8500061035156,510.1499938964844
2023-12-19 00:00:00+05:30,512.0,516.4000244140625,508.1000061035156,512.5
2023-12-20 00:00:00+05:30,517.9000244140625,517.9000244140625,499.0,503.6499938964844
2023-12-21 00:00:00+05:30,485.0,514.1500244140625,485.0,510.6000061035156
2023-12-22 00:00:00+05:30,512.9000244140625,513.0,500.75,503.0
2023-12-26 00:00:00+05:30,504.1000061035156,550.0,501.45001220703125,542.7000122070312
2023-12-27 00:00:00+05:30,554.8499755859375,563.7000122070312,541.0499877929688,549.4500122070312
2023-12-28 00:00:00+05:30,551.0,562.9000244140625,543.4000244140625,554.5999755859375
2023-12-29 00:00:00+05:30,554.0,580.0,550.0,566.25
2024-01-01 00:00:00+05:30,572.4000244140625,605.0,566.2000122070312,600.7999877929688
2024-01-02 00:00:00+05:30,604.6500244140625,657.9000244140625,604.6500244140625,645.2999877929688
2024-01-03 00:00:00+05:30,646.0,698.0,622.9500122070312,683.3499755859375
2024-01-04 00:00:00+05:30,692.0,724.4500122070312,671.4500122070312,682.25
2024-01-05 00:00:00+05:30,684.9000244140625,699.0499877929688,681.1500244140625,692.5999755859375
2024-01-08 00:00:00+05:30,692.7999877929688,744.2999877929688,692.7999877929688,736.0499877929688
2024-01-09 00:00:00+05:30,743.5,758.4500122070312,725.5,732.0499877929688
2024-01-10 00:00:00+05:30,725.0,731.4500122070312,683.9000244140625,693.7000122070312
2024-01-11 00:00:00+05:30,698.5,704.7000122070312,674.0,690.0999755859375
2024-01-12 00:00:00+05:30,685.0999755859375,685.0999755859375,632.0,656.25
2024-01-15 00:00:00+05:30,656.25,669.9500122070312,644.0,646.25
2024-01-16 00:00:00+05:30,640.0,643.4500122070312,603.5999755859375,617.2000122070312
2024-01-17 00:00:00+05:30,614.9500122070312,653.0,590.0,603.0
2024-01-18 00:00:00+05:30,597.3499755859375,614.9000244140625,586.25,597.2000122070312
2024-01-19 00:00:00+05:30,600.5,644.7000122070312,600.5,634.6500244140625
2024-01-23 00:00:00+05:30,630.0,638.4500122070312,600.0499877929688,607.3499755859375
2024-01-24 00:00:00+05:30,607.0,618.0,593.4500122070312,599.7000122070312
2024-01-25 00:00:00+05:30,603.0,612.7999877929688,601.4000244140625,609.9000244140625
2024-01-29 00:00:00+05:30,617.0,617.0,593.5,601.3499755859375
2024-01-30 00:00:00+05:30,602.0499877929688,614.7000122070312,601.0,605.25
2024-01-31 00:00:00+05:30,606.0,610.3499755859375,597.5999755859375,601.7000122070312
2024-02-01 00:00:00+05:30,594.0,612.0,594.0,608.3499755859375
2024-02-02 00:00:00+05:30,614.0,638.4000244140625,612.5,624.2000122070312
2024-02-05 00:00:00+05:30,625.75,632.9500122070312,606.0,609.3499755859375
2024-02-06 00:00:00+05:30,609.3499755859375,609.3499755859375,595.8499755859375,598.0499877929688
2024-02-07 00:00:00+05:30,616.9500122070312,616.9500122070312,598.0,599.6500244140625
2024-02-08 00:00:00+05:30,604.7000122070312,606.0,595.0,598.4500122070312
2024-02-09 00:00:00+05:30,595.0,603.9000244140625,579.4000244140625,588.4500122070312
2024-02-12 00:00:00+05:30,594.4000244140625,594.9500122070312,560.0,566.5
2024-02-13 00:00:00+05:30,566.0,576.0499877929688,548.5999755859375,552.0999755859375
2024-02-14 00:00:00+05:30,552.0999755859375,588.0499877929688,534.9500122070312,539.0999755859375
2024-02-15 00:00:00+05:30,543.25,579.0,543.25,575.5
2024-02-16 00:00:00+05:30,578.0,587.7000122070312,564.1500244140625,568.0
2024-02-19 00:00:00+05:30,572.4000244140625,595.75,570.0,585.3499755859375
2024-02-20 00:00:00+05:30,590.75,591.0,581.0499877929688,588.2999877929688
2024-02-21 00:00:00+05:30,591.25,594.8499755859375,577.0,580.4000244140625
2024-02-22 00:00:00+05:30,582.0499877929688,586.2000122070312,572.0,578.0
2024-02-23 00:00:00+05:30,582.8499755859375,583.5,566.0,570.3499755859375
2024-02-26 00:00:00+05:30,573.0,575.1500244140625,565.0,568.4000244140625
2024-02-27 00:00:00+05:30,569.5,578.5,557.0,560.75
2024-02-28 00:00:00+05:30,563.0,565.4500122070312,550.5,558.8499755859375
2024-02-29 00:00:00+05:30,557.5,568.0,545.5,560.1500244140625
2024-03-01 00:00:00+05:30,567.0,570.1500244140625,553.0999755859375,557.5499877929688
2024-03-04 00:00:00+05:30,560.0,566.2999877929688,553.2000122070312,556.1500244140625
2024-03-05 00:00:00+05:30,554.0,558.3499755859375,543.5,544.9500122070312
2024-03-06 00:00:00+05:30,547.5,547.9500122070312,523.0,525.7000122070312
2024-03-07 00:00:00+05:30,528.0,537.0,518.0,526.7999877929688
2024-03-11 00:00:00+05:30,536.0,536.0,512.9000244140625,514.5999755859375
2024-03-12 00:00:00+05:30,517.9500122070312,524.8499755859375,500.6000061035156,509.5
2024-03-13 00:00:00+05:30,511.0,515.4500122070312,470.0,472.45001220703125
2024-03-14 00:00:00+05:30,474.95001220703125,494.45001220703125,462.6000061035156,480.6000061035156
2024-03-15 00:00:00+05:30,486.0,526.8499755859375,484.0,510.04998779296875
2024-03-18 00:00:00+05:30,495.0,525.0,493.3500061035156,513.7999877929688
2024-03-19 00:00:00+05:30,518.9500122070312,519.5999755859375,493.0,496.1000061035156
2024-03-20 00:00:00+05:30,492.0,512.0,492.0,494.3999938964844
2024-03-21 00:00:00+05:30,499.3500061035156,507.1499938964844,485.04998779296875,487.45001220703125
2024-03-22 00:00:00+05:30,495.0,499.0,486.1000061035156,487.8500061035156
2024-03-26 00:00:00+05:30,482.3500061035156,489.5,472.0,476.04998779296875
2024-03-27 00:00:00+05:30,474.0,495.0,474.0,490.29998779296875
2024-03-28 00:00:00+05:30,494.29998779296875,519.9000244140625,494.29998779296875,505.04998779296875
2024-04-01 00:00:00+05:30,512.0,531.9000244140625,512.0,528.4500122070312
2024-04-02 00:00:00+05:30,529.0999755859375,548.1500244140625,523.0,539.9000244140625
2024-04-03 00:00:00+05:30,534.9500122070312,600.0,532.1500244140625,592.2999877929688
2024-04-04 00:00:00+05:30,598.3499755859375,605.0,562.5499877929688,568.4500122070312
2024-04-05 00:00:00+05:30,567.9500122070312,580.0999755859375,562.2000122070312,573.75
2024-04-08 00:00:00+05:30,577.5,585.0,560.25,565.9000244140625
2024-04-09 00:00:00+05:30,561.0,574.5,557.0,561.0
2024-04-10 00:00:00+05:30,557.5,571.5,544.9500122070312,549.6500244140625
2024-04-12 00:00:00+05:30,548.9000244140625,566.0499877929688,545.0,553.8499755859375
2024-04-15 00:00:00+05:30,540.0,547.4000244140625,523.0,538.25
2024-04-16 00:00:00+05:30,550.9000244140625,550.9000244140625,535.7999877929688,540.5999755859375
2024-04-18 00:00:00+05:30,549.0,571.0,549.0,558.7000122070312
2024-04-19 00:00:00+05:30,557.9000244140625,567.0,545.0499877929688,549.0499877929688
2024-04-22 00:00:00+05:30,560.9500122070312,564.0999755859375,545.0,548.9000244140625
2024-04-23 00:00:00+05:30,552.5,569.0999755859375,547.0,555.7999877929688
2024-04-24 00:00:00+05:30,561.3499755859375,580.25,558.9500122070312,575.2999877929688
2024-04-25 00:00:00+05:30,514.0,548.5,506.3500061035156,536.3499755859375
2024-04-26 00:00:00+05:30,542.0999755859375,545.0999755859375,535.4000244140625,538.0999755859375
2024-04-29 00:00:00+05:30,545.0,550.5,534.0499877929688,535.5499877929688
2024-04-30 00:00:00+05:30,535.5499877929688,538.9500122070312,530.8499755859375,533.6500244140625
2024-05-02 00:00:00+05:30,534.4500122070312,539.9500122070312,525.0499877929688,527.0
2024-05-03 00:00:00+05:30,531.7000122070312,535.9500122070312,523.0,526.5499877929688
2024-05-06 00:00:00+05:30,526.0,526.0,502.3500061035156,509.04998779296875
2024-05-07 00:00:00+05:30,509.04998779296875,534.4500122070312,499.5,523.6500244140625
2024-05-08 00:00:00+05:30,518.9500122070312,525.9500122070312,510.0,516.9500122070312
2024-05-09 00:00:00+05:30,516.0,523.1500244140625,510.3500061035156,514.4500122070312
2024-05-10 00:00:00+05:30,515.75,520.6500244140625,513.9500122070312,518.7999877929688
2024-05-13 00:00:00+05:30,522.7000122070312,528.75,505.0,515.5999755859375
2024-05-14 00:00:00+05:30,519.25,527.6500244140625,518.0,523.0499877929688
2024-05-15 00:00:00+05:30,528.2000122070312,534.0,525.0999755859375,530.8499755859375
2024-05-16 00:00:00+05:30,534.1500244140625,534.1500244140625,518.7999877929688,520.0499877929688
2024-05-17 00:00:00+05:30,521.7000122070312,528.0999755859375,520.0499877929688,524.25
2024-05-21 00:00:00+05:30,550.4500122070312,561.9500122070312,541.5999755859375,551.2000122070312
2024-05-22 00:00:00+05:30,551.0,557.25,541.5,545.9500122070312
2024-05-23 00:00:00+05:30,550.7999877929688,550.7999877929688,534.5,535.8499755859375
2024-05-24 00:00:00+05:30,536.2000122070312,536.25,529.7000122070312,534.9000244140625
2024-05-27 00:00:00+05:30,533.25,539.9500122070312,526.3499755859375,529.2999877929688
2024-05-28 00:00:00+05:30,527.0,530.7000122070312,524.0,526.9000244140625
2024-05-29 00:00:00+05:30,528.2000122070312,538.25,525.0,526.9500122070312
2024-05-30 00:00:00+05:30,527.8499755859375,533.8499755859375,509.0,513.4500122070312
2024-05-31 00:00:00+05:30,520.0,540.0,510.0,515.9000244140625
2024-06-03 00:00:00+05:30,522.0,535.0499877929688,512.2000122070312,515.5999755859375
2024-06-04 00:00:00+05:30,515.5999755859375,515.6500244140625,475.0,504.29998779296875
2024-06-05 00:00:00+05:30,500.0,512.0,484.1000061035156,509.04998779296875
2024-06-06 00:00:00+05:30,512.0,525.0,512.0,517.6500244140625
2024-06-07 00:00:00+05:30,521.2999877929688,530.8499755859375,517.5499877929688,528.0499877929688
2024-06-10 00:00:00+05:30,532.0999755859375,537.9000244140625,528.0499877929688,529.8499755859375
2024-06-11 00:00:00+05:30,533.5999755859375,544.4000244140625,528.0,532.9000244140625
2024-06-12 00:00:00+05:30,536.5999755859375,540.0,528.0,530.4000244140625
2024-06-13 00:00:00+05:30,534.0999755859375,542.75,532.0499877929688,536.75
2024-06-14 00:00:00+05:30,536.75,541.2999877929688,531.9000244140625,533.5
2024-06-18 00:00:00+05:30,537.5,537.5,522.0,524.7999877929688
2024-06-19 00:00:00+05:30,524.7999877929688,531.1500244140625,519.1500244140625,522.4500122070312
2024-06-20 00:00:00+05:30,522.0,529.6500244140625,520.7999877929688,524.0999755859375
2024-06-21 00:00:00+05:30,531.9000244140625,547.7000122070312,522.4000244140625,525.3499755859375
2024-06-24 00:00:00+05:30,533.0,533.25,519.0,520.2999877929688
2024-06-25 00:00:00+05:30,523.0,526.5,510.0,514.0999755859375
2024-06-26 00:00:00+05:30,517.25,518.3499755859375,506.5,510.6000061035156
2024-06-27 00:00:00+05:30,511.0,516.0,511.0,512.0
2024-06-28 00:00:00+05:30,510.0,516.5999755859375,510.0,513.0
2024-07-01 00:00:00+05:30,516.0,519.6500244140625,502.0,507.54998779296875
2024-07-02 00:00:00+05:30,491.25,513.0,482.3500061035156,507.79998779296875
2024-07-03 00:00:00+05:30,507.79998779296875,507.79998779296875,498.70001220703125,500.3500061035156
2024-07-04 00:00:00+05:30,503.8500061035156,506.3999938964844,501.6499938964844,502.6000061035156
2024-07-05 00:00:00+05:30,502.0,505.3999938964844,498.54998779296875,501.0
2024-07-08 00:00:00+05:30,502.5,504.0,495.0,496.0
2024-07-09 00:00:00+05:30,496.0,503.3500061035156,481.6000061035156,492.54998779296875
2024-07-10 00:00:00+05:30,492.0,502.8999938964844,487.3500061035156,496.3500061035156
2024-07-11 00:00:00+05:30,499.5,502.0,495.79998779296875,498.04998779296875
2024-07-12 00:00:00+05:30,501.6000061035156,504.3999938964844,495.0,499.1000061035156
2024-07-15 00:00:00+05:30,545.0,548.0,499.1000061035156,502.5
2024-07-16 00:00:00+05:30,504.95001220703125,509.1499938964844,500.0,502.04998779296875
2024-07-18 00:00:00+05:30,505.6000061035156,506.0,487.0,488.45001220703125
2024-07-19 00:00:00+05:30,488.45001220703125,490.25,469.20001220703125,472.54998779296875
2024-07-22 00:00:00+05:30,484.0,493.3999938964844,470.8500061035156,474.04998779296875
2024-07-23 00:00:00+05:30,476.54998779296875,484.29998779296875,458.0,464.95001220703125
2024-07-24 00:00:00+05:30,467.70001220703125,478.79998779296875,467.70001220703125,472.1499938964844
2024-07-25 00:00:00+05:30,475.5,480.95001220703125,472.0,476.8999938964844
2024-07-26 00:00:00+05:30,480.0,484.0,477.54998779296875,480.45001220703125
2024-07-29 00:00:00+05:30,484.79998779296875,491.0,481.0,488.45001220703125
2024-07-30 00:00:00+05:30,490.45001220703125,494.8999938964844,488.0,490.75
2024-07-31 00:00:00+05:30,483.0,496.0,470.0,491.45001220703125
2024-08-01 00:00:00+05:30,496.0,496.0,485.1000061035156,488.3500061035156
2024-08-02 00:00:00+05:30,481.0,490.1000061035156,480.79998779296875,486.0
2024-08-05 00:00:00+05:30,460.0,482.3500061035156,460.0,465.79998779296875
2024-08-06 00:00:00+05:30,474.20001220703125,474.29998779296875,462.8500061035156,464.3999938964844
2024-08-07 00:00:00+05:30,466.5,474.0,462.70001220703125,467.54998779296875
2024-08-08 00:00:00+05:30,475.0,475.0,462.6000061035156,463.8500061035156
2024-08-09 00:00:00+05:30,483.79998779296875,492.8999938964844,466.0,488.29998779296875
2024-08-12 00:00:00+05:30,496.0,496.3999938964844,480.95001220703125,482.8500061035156
2024-08-13 00:00:00+05:30,484.6000061035156,484.70001220703125,470.3500061035156,475.54998779296875
2024-08-14 00:00:00+05:30,481.0,485.0,470.8999938964844,479.6499938964844
2024-08-16 00:00:00+05:30,485.0,487.0,476.0,479.0
2024-08-19 00:00:00+05:30,486.20001220703125,500.8500061035156,479.04998779296875,498.5
2024-08-20 00:00:00+05:30,504.0,529.2999877929688,500.20001220703125,524.7000122070312
2024-08-21 00:00:00+05:30,530.0,540.5,515.0,517.0499877929688
2024-08-22 00:00:00+05:30,517.0499877929688,522.0,510.3500061035156,518.5
2024-08-23 00:00:00+05:30,525.0,535.0999755859375,521.7000122070312,526.2999877929688
2024-08-26 00:00:00+05:30,525.0,542.0499877929688,521.2000122070312,524.5
2024-08-27 00:00:00+05:30,525.0,535.0,519.0,528.7000122070312
2024-08-28 00:00:00+05:30,533.6500244140625,546.0999755859375,516.0999755859375,520.0499877929688
2024-08-29 00:00:00+05:30,524.6500244140625,524.6500244140625,505.20001220703125,508.8999938964844
2024-08-30 00:00:00+05:30,513.2000122070312,536.4000244140625,504.04998779296875,531.9000244140625
2024-09-02 00:00:00+05:30,535.0,539.25,524.8499755859375,529.4500122070312
2024-09-03 00:00:00+05:30,534.0,534.7000122070312,523.0,525.0499877929688
2024-09-04 00:00:00+05:30,525.0,525.4500122070312,517.2999877929688,519.5999755859375
2024-09-05 00:00:00+05:30,524.0,530.0,520.5499877929688,527.0499877929688
2024-09-06 00:00:00+05:30,529.7999877929688,529.7999877929688,514.5499877929688,517.5499877929688
2024-09-09 00:00:00+05:30,518.9000244140625,518.9000244140625,502.1499938964844,506.8500061035156
2024-09-10 00:00:00+05:30,509.8999938964844,516.75,507.20001220703125,509.25
2024-09-11 00:00:00+05:30,512.0,515.0499877929688,505.54998779296875,506.8500061035156
2024-09-12 00:00:00+05:30,510.6000061035156,520.0,505.79998779296875,508.54998779296875
2024-09-13 00:00:00+05:30,512.5999755859375,537.4000244140625,509.5,530.7000122070312
2024-09-16 00:00:00+05:30,535.5999755859375,550.0,530.0999755859375,542.7000122070312
2024-09-17 00:00:00+05:30,548.7000122070312,554.8499755859375,537.0,548.2999877929688
2024-09-18 00:00:00+05:30,548.0,561.0,540.4500122070312,542.0999755859375
2024-09-19 00:00:00+05:30,555.0,555.0,521.0499877929688,530.7000122070312
2024-09-20 00:00:00+05:30,531.0499877929688,557.5,531.0499877929688,553.0
2024-09-23 00:00:00+05:30,564.5,575.5,554.0999755859375,558.7999877929688
2024-09-24 00:00:00+05:30,570.0,570.0,540.9500122070312,554.0499877929688
2024-09-25 00:00:00+05:30,555.0,557.0999755859375,538.7999877929688,551.2000122070312
2024-09-26 00:00:00+05:30,551.0499877929688,553.9000244140625,541.0,542.0
2024-09-27 00:00:00+05:30,542.0,544.4500122070312,535.25,537.5999755859375
2024-09-30 00:00:00+05:30,538.9000244140625,553.4000244140625,529.5,538.4500122070312
2024-10-01 00:00:00+05:30,541.0,570.0,540.2000122070312,549.5499877929688
2024-10-03 00:00:00+05:30,530.0,570.1500244140625,511.1000061035156,534.8499755859375
2024-10-04 00:00:00+05:30,534.8499755859375,541.4500122070312,513.0,524.4500122070312
2024-10-07 00:00:00+05:30,529.2999877929688,537.0,504.5,507.6499938964844
2024-10-08 00:00:00+05:30,510.0,529.8499755859375,505.04998779296875,527.7999877929688
2024-10-09 00:00:00+05:30,531.7999877929688,542.0,522.0999755859375,526.2000122070312
2024-10-10 00:00:00+05:30,528.7000122070312,568.7000122070312,528.7000122070312,536.9000244140625
2024-10-11 00:00:00+05:30,538.25,548.4000244140625,537.5,539.75
2024-10-14 00:00:00+05:30,542.2000122070312,542.4000244140625,529.1500244140625,536.9000244140625
2024-10-15 00:00:00+05:30,542.2000122070312,596.4500122070312,540.0,588.0999755859375
2024-10-16 00:00:00+05:30,593.9500122070312,607.0499877929688,576.0,586.4000244140625
2024-10-17 00:00:00+05:30,590.0,592.25,560.5999755859375,570.7000122070312
2024-10-18 00:00:00+05:30,570.0,570.0,526.2000122070312,532.25
2024-10-21 00:00:00+05:30,533.0,536.4000244140625,506.3500061035156,510.5
2024-10-22 00:00:00+05:30,512.5499877929688,520.4500122070312,500.04998779296875,505.5
2024-10-23 00:00:00+05:30,493.79998779296875,514.75,493.79998779296875,503.3500061035156
2024-10-24 00:00:00+05:30,503.79998779296875,507.0,495.0,497.20001220703125
2024-10-25 00:00:00+05:30,503.0,503.0,480.0,487.1000061035156
2024-10-28 00:00:00+05:30,492.8999938964844,507.70001220703125,485.0,503.6000061035156
2024-10-29 00:00:00+05:30,504.45001220703125,506.95001220703125,492.29998779296875,499.79998779296875
2024-10-30 00:00:00+05:30,496.29998779296875,516.0,496.29998779296875,513.8499755859375
2024-10-31 00:00:00+05:30,516.9000244140625,519.7000122070312,509.04998779296875,513.75
2024-11-01 00:00:00+05:30,525.0,525.0,513.3499755859375,517.8499755859375
2024-11-04 00:00:00+05:30,524.6500244140625,524.6500244140625,502.0,506.8999938964844
2024-11-05 00:00:00+05:30,507.8500061035156,509.3999938964844,497.8999938964844,504.04998779296875
2024-11-06 00:00:00+05:30,509.0,514.9500122070312,504.25,510.5
2024-11-07 00:00:00+05:30,515.5999755859375,518.4500122070312,506.29998779296875,509.1000061035156
2024-11-08 00:00:00+05:30,510.54998779296875,510.54998779296875,500.0,500.5
2024-11-11 00:00:00+05:30,499.0,501.3500061035156,489.54998779296875,492.75
2024-11-12 00:00:00+05:30,493.0,502.1499938964844,487.1000061035156,490.8999938964844
2024-11-13 00:00:00+05:30,489.1000061035156,490.8999938964844,476.0,479.1000061035156
2024-11-14 00:00:00+05:30,479.0,487.54998779296875,476.0,479.3999938964844
2024-11-18 00:00:00+05:30,484.6000061035156,489.8999938964844,471.29998779296875,474.04998779296875
2024-11-19 00:00:00+05:30,476.0,489.1000061035156,476.0,479.29998779296875
2024-11-21 00:00:00+05:30,479.0,479.25,466.0,471.6000061035156
2024-11-22 00:00:00+05:30,472.8999938964844,475.0,466.70001220703125,470.6000061035156
2024-11-25 00:00:00+05:30,480.0,488.95001220703125,475.20001220703125,479.8500061035156
2024-11-26 00:00:00+05:30,482.0,493.0,480.6499938964844,488.3999938964844
2024-11-27 00:00:00+05:30,495.70001220703125,498.0,488.5,493.6499938964844
2024-11-28 00:00:00+05:30,496.8999938964844,501.8999938964844,486.25,489.8999938964844
2024-11-29 00:00:00+05:30,489.0,494.70001220703125,486.5,491.6499938964844
2024-12-02 00:00:00+05:30,495.0,495.3999938964844,483.95001220703125,490.0
2024-12-03 00:00:00+05:30,489.0,500.0,489.0,498.3999938964844
2024-12-04 00:00:00+05:30,498.3500061035156,503.95001220703125,493.5,496.1499938964844
2024-12-05 00:00:00+05:30,496.0,509.95001220703125,495.95001220703125,506.0
2024-12-06 00:00:00+05:30,507.6499938964844,511.6000061035156,500.54998779296875,503.45001220703125
2024-12-09 00:00:00+05:30,501.0,519.0,501.0,507.3999938964844
2024-12-10 00:00:00+05:30,511.1499938964844,514.0,502.29998779296875,508.95001220703125
2024-12-11 00:00:00+05:30,505.5,516.4500122070312,504.0,505.8999938964844
2024-12-12 00:00:00+05:30,510.5,510.5,496.0,498.04998779296875
2024-12-13 00:00:00+05:30,495.0,497.8999938964844,488.45001220703125,494.0
2024-12-16 00:00:00+05:30,500.5,501.8500061035156,493.0,494.25
2024-12-17 00:00:00+05:30,496.0,496.70001220703125,483.8999938964844,489.0
2024-12-18 00:00:00+05:30,495.5,496.0,486.0,487.6000061035156
2024-12-19 00:00:00+05:30,480.5,485.95001220703125,470.25,481.6000061035156
2024-12-20 00:00:00+05:30,485.8999938964844,490.0,470.0,473.3999938964844
2024-12-23 00:00:00+05:30,474.3999938964844,475.8999938964844,467.29998779296875,469.95001220703125
2024-12-24 00:00:00+05:30,472.0,473.95001220703125,465.1499938964844,471.1000061035156
2024-12-26 00:00:00+05:30,468.0,474.95001220703125,466.20001220703125,469.6499938964844
2024-12-27 00:00:00+05:30,470.79998779296875,476.0,464.95001220703125,467.54998779296875
2024-12-30 00:00:00+05:30,469.6499938964844,469.6499938964844,463.0,464.54998779296875
2024-12-31 00:00:00+05:30,464.0,470.0,460.6000061035156,468.1000061035156
2025-01-01 00:00:00+05:30,471.0,484.79998779296875,466.04998779296875,482.20001220703125
2025-01-02 00:00:00+05:30,487.0,487.70001220703125,475.6000061035156,477.8999938964844
2025-01-03 00:00:00+05:30,473.0,482.5,473.0,474.95001220703125
2025-01-06 00:00:00+05:30,476.79998779296875,476.8500061035156,451.0,456.3999938964844
2025-01-07 00:00:00+05:30,457.0,471.8500061035156,440.0,464.1499938964844
2025-01-08 00:00:00+05:30,465.1000061035156,468.3500061035156,451.25,453.3500061035156
2025-01-09 00:00:00+05:30,455.29998779296875,456.1000061035156,445.3999938964844,447.20001220703125
2025-01-10 00:00:00+05:30,447.25,448.75,432.0,435.1499938964844
2025-01-13 00:00:00+05:30,428.6000061035156,435.5,412.25,416.3999938964844
2025-01-14 00:00:00+05:30,418.0,426.3500061035156,412.5,423.3500061035156
2025-01-15 00:00:00+05:30,426.3500061035156,432.95001220703125,420.8999938964844,422.95001220703125
2025-01-16 00:00:00+05:30,428.95001220703125,433.29998779296875,426.0,430.6000061035156
2025-01-17 00:00:00+05:30,430.0,430.54998779296875,420.0,424.8999938964844
2025-01-20 00:00:00+05:30,418.6000061035156,427.8999938964844,410.0,426.6499938964844
2025-01-21 00:00:00+05:30,426.6499938964844,429.70001220703125,414.6499938964844,416.45001220703125
2025-01-22 00:00:00+05:30,417.0,422.5,401.0,409.70001220703125
2025-01-23 00:00:00+05:30,409.1499938964844,416.0,406.54998779296875,410.6499938964844
2025-01-24 00:00:00+05:30,405.3500061035156,411.45001220703125,400.0,401.04998779296875
2025-01-27 00:00:00+05:30,400.0,404.75,381.3999938964844,391.3500061035156
2025-01-28 00:00:00+05:30,385.54998779296875,420.0,374.0,380.0
2025-01-29 00:00:00+05:30,375.0,399.8999938964844,375.0,394.25
2025-01-30 00:00:00+05:30,410.0,410.0,392.0,401.25
2025-01-31 00:00:00+05:30,397.20001220703125,414.95001220703125,396.04998779296875,410.75
2025-02-01 00:00:00+05:30,416.8999938964844,419.1000061035156,396.6000061035156,405.6000061035156
2025-02-03 00:00:00+05:30,386.6000061035156,410.0,386.6000061035156,396.45001220703125
2025-02-04 00:00:00+05:30,394.0,404.3500061035156,345.0,386.6000061035156
2025-02-05 00:00:00+05:30,390.45001220703125,403.8500061035156,390.1499938964844,401.5
2025-02-06 00:00:00+05:30,401.0,406.0,395.0,400.1499938964844
2025-02-07 00:00:00+05:30,400.0,405.0,395.29998779296875,398.45001220703125
2025-02-10 00:00:00+05:30,400.25,400.45001220703125,381.1499938964844,385.1000061035156
2025-02-11 00:00:00+05:30,384.0,384.95001220703125,378.04998779296875,379.0
2025-02-12 00:00:00+05:30,379.0,382.45001220703125,365.0,375.79998779296875
2025-02-13 00:00:00+05:30,377.70001220703125,384.3500061035156,371.29998779296875,377.54998779296875
2025-02-14 00:00:00+05:30,377.5,384.70001220703125,362.0,368.29998779296875
2025-02-17 00:00:00+05:30,362.04998779296875,371.20001220703125,355.3500061035156,363.79998779296875
2025-02-18 00:00:00+05:30,363.0,372.8500061035156,350.0,353.6499938964844
2025-02-19 00:00:00+05:30,354.70001220703125,379.0,353.3500061035156,369.79998779296875
2025-02-20 00:00:00+05:30,365.0,379.95001220703125,363.0,372.25
2025-02-21 00:00:00+05:30,374.1000061035156,388.1000061035156,365.3999938964844,369.0
2025-02-24 00:00:00+05:30,363.45001220703125,368.95001220703125,360.3500061035156,365.3500061035156
2025-02-25 00:00:00+05:30,366.0,370.45001220703125,356.3500061035156,361.3500061035156
2025-02-27 00:00:00+05:30,361.3500061035156,362.70001220703125,351.6000061035156,354.54998779296875
2025-02-28 00:00:00+05:30,349.8500061035156,355.70001220703125,340.0,349.3500061035156
2025-03-03 00:00:00+05:30,351.1000061035156,354.75,326.0,330.8500061035156
2025-03-04 00:00:00+05:30,328.0,341.1000061035156,326.0,327.6000061035156
2025-03-05 00:00:00+05:30,326.04998779296875,346.75,326.04998779296875,339.04998779296875
2025-03-06 00:00:00+05:30,340.04998779296875,356.8500061035156,340.0,352.6000061035156
2025-03-07 00:00:00+05:30,348.8999938964844,362.8999938964844,348.8500061035156,357.70001220703125
2025-03-10 00:00:00+05:30,361.29998779296875,362.0,340.1000061035156,344.6499938964844
2025-03-11 00:00:00+05:30,344.0,345.5,330.3999938964844,333.79998779296875
2025-03-12 00:00:00+05:30,333.0,339.8500061035156,332.54998779296875,337.45001220703125
2025-03-13 00:00:00+05:30,334.1499938964844,338.0,324.95001220703125,327.3999938964844
2025-03-17 00:00:00+05:30,327.3999938964844,332.8999938964844,311.6499938964844,315.79998779296875
2025-03-18 00:00:00+05:30,315.79998779296875,315.79998779296875,315.79998779296875,315.79998779296875
2025-03-19 00:00:00+05:30,321.6499938964844,341.8999938964844,321.6499938964844,337.20001220703125
2025-03-20 00:00:00+05:30,337.20001220703125,352.0,337.20001220703125,339.20001220703125
2025-03-21 00:00:00+05:30,337.25,355.0,336.1499938964844,352.29998779296875
2025-03-24 00:00:00+05:30,355.79998779296875,399.3500061035156,353.95001220703125,393.0
2025-03-25 00:00:00+05:30,396.8999938964844,400.3999938964844,375.0,378.45001220703125
2025-03-26 00:00:00+05:30,381.75,385.0,362.5,366.5
2025-03-27 00:00:00+05:30,359.5,385.0,356.0,373.6000061035156
2025-03-28 00:00:00+05:30,374.0,382.0,343.3500061035156,355.3500061035156
2025-04-01 00:00:00+05:30,354.5,373.95001220703125,354.5,372.1499938964844
